nohup: ignoring input
Мониторинг папки data запущен (интервал 30 сек)...
[2026-05-18 12:18:32] Найдены новые файлы. Запуск парсера...
Ошибка обработки файла GHSA-785h-76cm-cpmf.json: value too long for type character varying(64)

Ошибка обработки файла GHSA-j26g-95ph-2mwv.json: value too long for type character varying(64)

Ошибка обработки файла GHSA-569q-mpph-wgww.json: value too long for type character varying(64)

Ошибка обработки файла GHSA-95fj-3w7g-4r27.json: value too long for type character varying(64)

Ошибка обработки файла GHSA-mpp2-x7wv-38hv.json: value too long for type character varying(64)

Ошибка обработки файла GHSA-46h3-79wf-xr6c.json: value too long for type character varying(64)

Ошибка обработки файла GHSA-3558-j79f-vvm6.json: value too long for type character varying(64)

Ошибка обработки файла GHSA-2c6j-vw6r-mfch.json: value too long for type character varying(64)

Ошибка обработки файла GHSA-qhr6-mgqr-mchm.json: value too long for type character varying(64)

Ошибка обработки файла GHSA-hq75-xg7r-rx6c.json: value too long for type character varying(64)

Ошибка обработки файла GHSA-m79r-r765-5f9j.json: value too long for type character varying(64)

Ошибка обработки файла GHSA-mpfm-fpgx-647q.json: value too long for type character varying(64)

Ошибка обработки файла GHSA-fh55-r93g-j68g.json: value too long for type character varying(64)

Ошибка обработки файла GHSA-hvc7-763r-4f3h.json: value too long for type character varying(64)

Ошибка обработки файла GHSA-vr75-hjh9-7fr6.json: value too long for type character varying(64)

Ошибка обработки файла GHSA-r7r6-cc7p-4v5m.json: value too long for type character varying(64)

Ошибка обработки файла GHSA-2rw7-x74f-jg35.json: value too long for type character varying(64)

Ошибка обработки файла GHSA-q475-2pgm-7hvp.json: value too long for type character varying(64)

Ошибка обработки файла GHSA-2xv9-ghh9-xc69.json: value too long for type character varying(64)

Ошибка обработки файла GHSA-mrq8-rjmw-wpq3.json: value too long for type character varying(64)

Ошибка обработки файла GHSA-8495-4g3g-x7pr.json: value too long for type character varying(64)

Ошибка обработки файла GHSA-rq9r-qvwg-829q.json: value too long for type character varying(64)

Ошибка обработки файла GHSA-pmjj-h5jm-vxh4.json: value too long for type character varying(64)

Ошибка обработки файла GHSA-rf6f-7fwh-wjgh.json: value too long for type character varying(64)

Ошибка обработки файла GHSA-g2f6-pwvx-r275.json: value too long for type character varying(64)

Ошибка обработки файла GO-2023-2113.json: value too long for type character varying(64)

Ошибка обработки файла GHSA-hg3j-6pmh-mvjr.json: value too long for type character varying(64)

Ошибка обработки файла GHSA-57r2-h2wj-g887.json: value too long for type character varying(64)

Ошибка обработки файла GHSA-vh4h-fvqf-q9wv.json: value too long for type character varying(64)

Ошибка обработки файла GHSA-4mhv-8rh3-4ghw.json: value too long for type character varying(64)

Ошибка обработки файла GHSA-vr63-x8vc-m265.json: value too long for type character varying(64)

Ошибка обработки файла GHSA-3mv9-4h5g-vhg3.json: value too long for type character varying(64)

Ошибка обработки файла GHSA-q82r-2j7m-9rv4.json: value too long for type character varying(64)

Ошибка обработки файла GHSA-9jfh-9xrq-4vwm.json: value too long for type character varying(64)

Ошибка обработки файла GHSA-9gjj-6gj7-c4wj.json: value too long for type character varying(64)

Ошибка обработки файла GHSA-6943-qr24-82vx.json: value too long for type character varying(64)

Ошибка обработки файла GHSA-mpmc-qchh-r9q8.json: value too long for type character varying(64)

Ошибка обработки файла GHSA-g2h5-cvvr-7gmw.json: value too long for type character varying(64)

Ошибка обработки файла GHSA-2wcm-vx67-3x4q.json: value too long for type character varying(64)

Ошибка обработки файла GHSA-832w-fhmw-w4f4.json: value too long for type character varying(64)

Ошибка обработки файла GHSA-2657-3c98-63jq.json: value too long for type character varying(64)

Ошибка обработки файла GHSA-v7c4-33vf-cqqq.json: value too long for type character varying(64)

Ошибка обработки файла GHSA-m929-rg27-gj99.json: value too long for type character varying(64)

Ошибка обработки файла GHSA-4rh7-jwg9-m28m.json: value too long for type character varying(64)

Ошибка обработки файла GHSA-cv54-7wv7-qxcw.json: value too long for type character varying(64)

Ошибка обработки файла GHSA-vqmv-47xg-9wpr.json: value too long for type character varying(64)

Ошибка обработки файла GHSA-q5qq-mvfm-j35x.json: value too long for type character varying(64)

Ошибка обработки файла GHSA-r2rv-8pp3-65xw.json: value too long for type character varying(64)

Ошибка обработки файла GHSA-mwm9-4648-f68q.json: value too long for type character varying(64)

Ошибка обработки файла GHSA-3jhf-gxhr-q4cx.json: value too long for type character varying(64)

Ошибка обработки файла GHSA-9rhg-254w-fh9x.json: value too long for type character varying(64)

Ошибка обработки файла GHSA-pc5g-j9j7-p4q3.json: value too long for type character varying(64)

Ошибка обработки файла GHSA-5hwf-rc88-82xm.json: value too long for type character varying(64)

Ошибка обработки файла GHSA-mf5g-6r6f-ghhm.json: value too long for type character varying(64)

Ошибка обработки файла GHSA-j424-mc44-f4hj.json: value too long for type character varying(64)

Ошибка обработки файла GHSA-wgc6-9f6w-h8hx.json: value too long for type character varying(64)

Ошибка обработки файла GHSA-7899-w6c4-vqc4.json: value too long for type character varying(64)

Ошибка обработки файла GHSA-w8rr-5gcm-pp58.json: value too long for type character varying(64)

Ошибка обработки файла GHSA-w6rp-vxj2-fjhr.json: value too long for type character varying(64)

Ошибка обработки файла GHSA-87mj-5ggw-8qc3.json: value too long for type character varying(64)

Ошибка обработки файла GHSA-pjr6-jx7r-j4r6.json: value too long for type character varying(64)

Ошибка обработки файла GHSA-5jvp-m9h4-253h.json: value too long for type character varying(64)

Ошибка обработки файла GHSA-rg7c-g689-fr3x.json: value too long for type character varying(64)

Ошибка обработки файла GHSA-54jq-c3m8-4m76.json: value too long for type character varying(64)

Ошибка обработки файла GHSA-59g6-v3vg-f7wc.json: value too long for type character varying(64)

Ошибка обработки файла GHSA-pfrv-63w8-q7rq.json: value too long for type character varying(64)

Ошибка обработки файла GHSA-5gjc-grvm-m88j.json: value too long for type character varying(64)

Ошибка обработки файла GHSA-pxx3-g568-hxr4.json: value too long for type character varying(64)

Ошибка обработки файла GHSA-7rhv-xm4q-wh42.json: value too long for type character varying(64)

Ошибка обработки файла GHSA-2phg-qgmm-r638.json: value too long for type character varying(64)

Ошибка обработки файла GHSA-j842-xgm4-wf88.json: value too long for type character varying(64)

Ошибка обработки файла GHSA-gj54-gwj9-x2c6.json: value too long for type character varying(64)

Ошибка обработки файла GHSA-92j7-wgmg-f32m.json: value too long for type character varying(64)

Ошибка обработки файла GHSA-7xwp-2cpp-p8r7.json: value too long for type character varying(64)

Ошибка обработки файла GHSA-66pp-5p9w-q87j.json: value too long for type character varying(64)

Ошибка обработки файла GHSA-79qw-g77v-2vfh.json: value too long for type character varying(64)

Ошибка обработки файла GHSA-6556-fwc2-fg2p.json: value too long for type character varying(64)

Ошибка обработки файла GHSA-5jpx-9hw9-2fx4.json: value too long for type character varying(64)

Ошибка обработки файла GHSA-xh9h-692f-mmg4.json: value too long for type character varying(64)

Ошибка обработки файла GHSA-c37v-3c8w-crq8.json: value too long for type character varying(64)

Ошибка обработки файла GHSA-rfxf-mf63-cpqv.json: value too long for type character varying(64)

Ошибка обработки файла GHSA-xcxh-6cv4-q8p8.json: value too long for type character varying(64)

Ошибка обработки файла GHSA-gmfg-3v4q-9qr4.json: value too long for type character varying(64)

Ошибка обработки файла GHSA-9mrq-cjgh-32g2.json: value too long for type character varying(64)

Ошибка обработки файла GO-2023-2331.json: value too long for type character varying(64)

Ошибка обработки файла GHSA-9f8m-9547-2gqm.json: value too long for type character varying(64)

Ошибка обработки файла GHSA-565g-hwwr-4pp3.json: value too long for type character varying(64)

Ошибка обработки файла GHSA-v8vw-gw5j-w7m6.json: value too long for type character varying(64)

Ошибка обработки файла GHSA-c87c-78rc-vmv2.json: value too long for type character varying(64)

Ошибка обработки файла GHSA-g2rq-jv54-wcpr.json: value too long for type character varying(64)

Ошибка обработки файла GHSA-28xx-pppm-vqff.json: value too long for type character varying(64)

Ошибка обработки файла GHSA-5rjg-fvgr-3xxf.json: value too long for type character varying(64)

Ошибка обработки файла GHSA-64x7-m7rh-9m83.json: value too long for type character varying(64)

Ошибка обработки файла GHSA-2qgr-gfvj-qpcr.json: value too long for type character varying(64)

Ошибка обработки файла GHSA-hq76-6gh2-5g4q.json: value too long for type character varying(64)

Ошибка обработки файла GHSA-3jqf-v4mv-747g.json: value too long for type character varying(64)

Ошибка обработки файла GHSA-6jhg-hg63-jvvf.json: value too long for type character varying(64)

Ошибка обработки файла GHSA-5hvc-6wx8-mvv4.json: value too long for type character varying(64)

Ошибка обработки файла GHSA-jjwv-57xh-xr6r.json: value too long for type character varying(64)

Ошибка обработки файла GHSA-rrf6-pxg8-684g.json: value too long for type character varying(64)

Ошибка обработки файла GHSA-73rr-hh4g-fpgx.json: value too long for type character varying(64)

Ошибка обработки файла GHSA-5mq8-78gm-pjmq.json: value too long for type character varying(64)

Ошибка обработки файла GHSA-h4rm-mm56-xf63.json: value too long for type character varying(64)

Ошибка обработки файла GHSA-7q64-3rg2-h9pf.json: value too long for type character varying(64)

Ошибка обработки файла GHSA-56r6-ccm5-8hg3.json: value too long for type character varying(64)

Ошибка обработки файла GHSA-36hm-qxxp-pg3m.json: value too long for type character varying(64)

Ошибка обработки файла GHSA-3phv-83cj-p8p7.json: value too long for type character varying(64)

Ошибка обработки файла GHSA-hjwq-mjwj-4x6c.json: value too long for type character varying(64)

Ошибка обработки файла GHSA-w832-gg5g-x44m.json: value too long for type character varying(64)

Ошибка обработки файла GHSA-37j7-fg3j-429f.json: value too long for type character varying(64)

Ошибка обработки файла GHSA-vfgx-5q85-58q3.json: value too long for type character varying(64)

Ошибка обработки файла GHSA-q9vp-3wcg-8p4x.json: value too long for type character varying(64)

Ошибка обработки файла GHSA-5r5m-65gx-7vrh.json: value too long for type character varying(64)

Ошибка обработки файла GHSA-hqf9-8xv5-x8xw.json: value too long for type character varying(64)

Ошибка обработки файла GHSA-33r8-vrx9-rmcv.json: value too long for type character varying(64)

Ошибка обработки файла GHSA-2689-cw26-6cpj.json: value too long for type character varying(64)

Ошибка обработки файла GHSA-7mc2-6phr-23xc.json: value too long for type character varying(64)

Ошибка обработки файла GHSA-m449-cwjh-6pw7.json: value too long for type character varying(64)

Ошибка обработки файла GHSA-2r8f-cf6w-x5vq.json: value too long for type character varying(64)

Ошибка обработки файла GHSA-vrch-868g-9jx5.json: value too long for type character varying(64)

Ошибка обработки файла GHSA-rq77-p4h8-4crw.json: value too long for type character varying(64)

Ошибка обработки файла GHSA-q26p-9cq4-7fc2.json: value too long for type character varying(64)

Ошибка обработки файла GHSA-6gf2-ffq8-gcww.json: value too long for type character varying(64)

Ошибка обработки файла GHSA-529f-9qwm-9628.json: value too long for type character varying(64)

Ошибка обработки файла GHSA-7cp4-jw97-3rc2.json: value too long for type character varying(64)

Ошибка обработки файла GHSA-cg4x-64p3-x59h.json: value too long for type character varying(64)

Ошибка обработки файла GHSA-pwq7-2gvj-vg9v.json: value too long for type character varying(64)

Ошибка обработки файла GHSA-q9hv-hpm4-hj6x.json: value too long for type character varying(64)

Ошибка обработки файла GHSA-p8pf-44ff-93gf.json: value too long for type character varying(64)

Ошибка обработки файла GHSA-pjv4-3c63-699f.json: value too long for type character varying(64)

Ошибка обработки файла GHSA-cjgq-5qmw-rcj6.json: value too long for type character varying(64)

Ошибка обработки файла GHSA-hcr5-wv4p-h2g2.json: value too long for type character varying(64)

Ошибка обработки файла GO-2025-3463.json: value too long for type character varying(64)

Ошибка обработки файла GHSA-hjph-f4mc-wx4c.json: value too long for type character varying(64)

Ошибка обработки файла GHSA-687h-xw6f-q2qw.json: value too long for type character varying(64)

Ошибка обработки файла GHSA-4xrr-hq4w-6vf4.json: value too long for type character varying(64)

Ошибка обработки файла GHSA-vrhm-gvg7-fpcf.json: value too long for type character varying(64)

Ошибка обработки файла GHSA-2ccx-cjjh-r2j8.json: value too long for type character varying(64)

Ошибка обработки файла GHSA-7hfw-26vp-jp8m.json: value too long for type character varying(64)

Ошибка обработки файла GHSA-rfq8-j7rh-8hf2.json: value too long for type character varying(64)

Ошибка обработки файла GHSA-rv73-9c8w-jp4c.json: value too long for type character varying(64)

Ошибка обработки файла GHSA-m2h6-4xpq-qw3m.json: value too long for type character varying(64)

Ошибка обработки файла GHSA-c6rr-7pmc-73wc.json: value too long for type character varying(64)

Ошибка обработки файла GHSA-9m7r-g8hg-x3vr.json: value too long for type character varying(64)

Ошибка обработки файла GHSA-84hm-wfh8-c5pg.json: value too long for type character varying(64)

Ошибка обработки файла GHSA-69f9-5gxw-wvc2.json: value too long for type character varying(64)

Ошибка обработки файла GHSA-4675-36f9-wf6r.json: value too long for type character varying(64)

Ошибка обработки файла GHSA-frv8-gffc-37px.json: value too long for type character varying(64)

Ошибка обработки файла GHSA-qh3j-mrg8-f234.json: value too long for type character varying(64)

Ошибка обработки файла GHSA-x4vh-j75g-268g.json: value too long for type character varying(64)

Ошибка обработки файла GHSA-223j-4rm8-mrmf.json: value too long for type character varying(64)

Ошибка обработки файла GHSA-jxmr-2h4q-rhxp.json: value too long for type character varying(64)

Ошибка обработки файла GHSA-hhfg-fwrw-87w7.json: value too long for type character varying(64)

Ошибка обработки файла GHSA-x843-g5mx-g377.json: value too long for type character varying(64)

Ошибка обработки файла GHSA-2fh4-gpch-vqv4.json: value too long for type character varying(64)

Ошибка обработки файла GHSA-45rp-9p97-h852.json: value too long for type character varying(64)

Ошибка обработки файла GHSA-5vhg-9xg4-cv9m.json: value too long for type character varying(64)

Ошибка обработки файла GHSA-f238-rggp-82m3.json: value too long for type character varying(64)

Ошибка обработки файла GHSA-86x4-wp9f-wrr9.json: value too long for type character varying(64)

Ошибка обработки файла GHSA-34q3-8x9v-j957.json: value too long for type character varying(64)

Ошибка обработки файла GHSA-6fmw-82m7-jq6p.json: value too long for type character varying(64)

Ошибка обработки файла GHSA-6phg-4wmq-h5h3.json: value too long for type character varying(64)

Ошибка обработки файла GHSA-x597-9fr4-5857.json: value too long for type character varying(64)

Ошибка обработки файла GHSA-53mq-f4w3-f7qv.json: value too long for type character varying(64)

Ошибка обработки файла GHSA-xqrq-4mgf-ff32.json: value too long for type character varying(64)

Ошибка обработки файла GHSA-jfx9-29x2-rv3j.json: value too long for type character varying(64)

Ошибка обработки файла GHSA-c2fc-9q9c-5486.json: value too long for type character varying(64)

Ошибка обработки файла GHSA-pchf-49fh-w34r.json: value too long for type character varying(64)

Ошибка обработки файла GHSA-79hx-3fp8-hj66.json: value too long for type character varying(64)

Ошибка обработки файла GHSA-527x-5wrf-22m2.json: value too long for type character varying(64)

Ошибка обработки файла GHSA-g84x-mcqj-x9qq.json: value too long for type character varying(64)

Ошибка обработки файла GHSA-pw25-c82r-75mm.json: value too long for type character varying(64)

Ошибка обработки файла GHSA-4pfg-2mw5-f8jx.json: value too long for type character varying(64)

Ошибка обработки файла GHSA-pp3g-xmm4-5cw9.json: value too long for type character varying(64)

Ошибка обработки файла GHSA-4jf8-g8wp-cx7c.json: value too long for type character varying(64)

Ошибка обработки файла GHSA-wfm2-rq5g-f8v5.json: value too long for type character varying(64)

Ошибка обработки файла GHSA-j48q-4c78-rhf9.json: value too long for type character varying(64)

Ошибка обработки файла GHSA-jr5f-v2jv-69x6.json: value too long for type character varying(64)

Ошибка обработки файла GHSA-955r-x9j8-7rhh.json: value too long for type character varying(64)

Ошибка обработки файла GHSA-hx9q-6w63-j58v.json: value too long for type character varying(64)

Ошибка обработки файла GHSA-387m-j3p9-3php.json: value too long for type character varying(64)

Ошибка обработки файла GHSA-6p68-w45g-48j7.json: value too long for type character varying(64)

Ошибка обработки файла GHSA-j6g5-p62x-58hw.json: value too long for type character varying(64)

Ошибка обработки файла GHSA-w6mr-mj53-x258.json: value too long for type character varying(64)

Ошибка обработки файла GHSA-6h8w-hrfp-pffx.json: value too long for type character varying(64)

Ошибка обработки файла GHSA-rrxm-2pvv-m66x.json: value too long for type character varying(64)

Ошибка обработки файла GHSA-p258-xmh3-72pv.json: value too long for type character varying(64)

Ошибка обработки файла GHSA-j4gv-6x9v-v23g.json: value too long for type character varying(64)

Ошибка обработки файла GHSA-c5cp-vx83-jhqx.json: value too long for type character varying(64)

Ошибка обработки файла GHSA-2977-5php-6789.json: value too long for type character varying(64)

Ошибка обработки файла GHSA-gvg8-93h5-g6qq.json: value too long for type character varying(64)

Ошибка обработки файла GHSA-9x9c-ghc5-jhw9.json: value too long for type character varying(64)

Ошибка обработки файла GHSA-mcrw-746g-9q8h.json: value too long for type character varying(64)

Ошибка обработки файла GHSA-v2mw-5mch-w8c5.json: value too long for type character varying(64)

Ошибка обработки файла GO-2024-3066.json: value too long for type character varying(64)

Ошибка обработки файла GO-2024-2750.json: value too long for type character varying(64)

Ошибка обработки файла GHSA-p998-jp59-783m.json: value too long for type character varying(64)

Ошибка обработки файла GHSA-r6h4-mm7h-8pmq.json: value too long for type character varying(64)

Ошибка обработки файла GHSA-585v-hcgf-jhfr.json: value too long for type character varying(64)

Ошибка обработки файла GHSA-w6vg-jg77-2qg6.json: value too long for type character varying(64)

Ошибка обработки файла GHSA-mq84-hjqx-cwf2.json: value too long for type character varying(64)

Ошибка обработки файла GHSA-5fvm-p68v-5wmh.json: value too long for type character varying(64)

Ошибка обработки файла GHSA-qv8j-hgpc-vrq8.json: value too long for type character varying(64)

Ошибка обработки файла GHSA-hqrf-67pm-wgfq.json: value too long for type character varying(64)

Ошибка обработки файла GHSA-hf6h-9wq7-hmjg.json: value too long for type character varying(64)

Ошибка обработки файла GHSA-fj3w-jwp8-x2g3.json: value too long for type character varying(64)

Ошибка обработки файла GHSA-89vc-vf32-ch59.json: value too long for type character varying(64)

Ошибка обработки файла GHSA-g7pc-pc7g-h8jh.json: value too long for type character varying(64)

Ошибка обработки файла GHSA-mwh4-6h8g-pg8w.json: value too long for type character varying(64)

Ошибка обработки файла GHSA-rjv5-9px2-fqw6.json: value too long for type character varying(64)

Ошибка обработки файла GHSA-p523-jq9w-64x9.json: value too long for type character varying(64)

Ошибка обработки файла GHSA-9548-qrrj-x5pj.json: value too long for type character varying(64)

Ошибка обработки файла GHSA-q8jq-4rm5-4hm5.json: value too long for type character varying(64)

Ошибка обработки файла GHSA-2mcm-79hx-8fxw.json: value too long for type character varying(64)

Ошибка обработки файла GHSA-pj86-cfqh-vqx6.json: value too long for type character varying(64)

Ошибка обработки файла GHSA-5wmg-9cvh-qw25.json: value too long for type character varying(64)

Ошибка обработки файла GHSA-wg47-6jq2-q2hh.json: value too long for type character varying(64)

Ошибка обработки файла GHSA-36rg-gfq2-3h56.json: value too long for type character varying(64)

Ошибка обработки файла GHSA-hjr9-wj7v-7hv8.json: value too long for type character varying(64)

Ошибка обработки файла GHSA-49pv-gwxp-532r.json: value too long for type character varying(64)

Ошибка обработки файла GHSA-vh9x-phq6-fx54.json: value too long for type character varying(64)

Ошибка обработки файла GHSA-v342-4xr9-x3q3.json: value too long for type character varying(64)

Ошибка обработки файла GHSA-ffrw-9mx8-89p8.json: value too long for type character varying(64)

Ошибка обработки файла GHSA-mxhj-88fx-4pcv.json: value too long for type character varying(64)

Ошибка обработки файла GHSA-3gxm-wfjx-m847.json: value too long for type character varying(64)

Ошибка обработки файла GHSA-4xc4-762w-m6cg.json: value too long for type character varying(64)

Ошибка обработки файла GHSA-rvjx-cfjh-5mc9.json: value too long for type character varying(64)

Ошибка обработки файла GHSA-q9rr-h3hx-m87g.json: value too long for type character varying(64)

Ошибка обработки файла GHSA-25g8-2mcf-fcx9.json: value too long for type character varying(64)

Ошибка обработки файла GHSA-gxp8-m5rq-3m38.json: value too long for type character varying(64)

Ошибка обработки файла GHSA-qc2h-74x3-4v3w.json: value too long for type character varying(64)

Ошибка обработки файла GHSA-r2h2-g46h-8mx8.json: value too long for type character varying(64)

Ошибка обработки файла GHSA-j9wj-m24m-7jj6.json: value too long for type character varying(64)

Ошибка обработки файла GHSA-x76f-jf84-rqj8.json: value too long for type character varying(64)

Ошибка обработки файла GHSA-33hq-fvwr-56pm.json: value too long for type character varying(64)

Ошибка обработки файла GHSA-hhh5-2cvx-vmfp.json: value too long for type character varying(64)

Ошибка обработки файла GHSA-459x-q9hg-4gpq.json: value too long for type character varying(64)

Ошибка обработки файла GHSA-h3m5-p59h-x88p.json: value too long for type character varying(64)

Ошибка обработки файла GHSA-6fgm-x6ff-w78f.json: value too long for type character varying(64)

Ошибка обработки файла GHSA-59qh-fmm7-3g9q.json: value too long for type character varying(64)

Ошибка обработки файла GHSA-9m49-p2j3-c6xm.json: value too long for type character varying(64)

Ошибка обработки файла GHSA-g966-83w7-6w38.json: value too long for type character varying(64)

Ошибка обработки файла GHSA-2v35-wj4r-rcmv.json: value too long for type character varying(64)

Ошибка обработки файла GHSA-ppwq-6v66-5m6j.json: value too long for type character varying(64)

Ошибка обработки файла GHSA-hpqf-m68j-2pfx.json: value too long for type character varying(64)

Ошибка обработки файла GHSA-vm2f-46xc-5jc3.json: value too long for type character varying(64)

Ошибка обработки файла GHSA-cr7h-93fh-whwm.json: value too long for type character varying(64)

Ошибка обработки файла GHSA-7xqm-7738-642x.json: value too long for type character varying(64)

Ошибка обработки файла GHSA-6jx8-rcjx-vmwf.json: value too long for type character varying(64)

Ошибка обработки файла GHSA-vhvq-fv9f-wh4q.json: value too long for type character varying(64)

Ошибка обработки файла GHSA-m273-6v24-x4m4.json: value too long for type character varying(64)

Ошибка обработки файла GHSA-w254-4hp5-7cvv.json: value too long for type character varying(64)

Ошибка обработки файла GHSA-mwv9-gp5h-frr4.json: value too long for type character varying(64)

Ошибка обработки файла GHSA-p34h-wq7j-h5v6.json: value too long for type character varying(64)

Ошибка обработки файла GHSA-jmr4-p576-v565.json: value too long for type character varying(64)

Ошибка обработки файла GHSA-g5mq-prx7-c588.json: value too long for type character varying(64)

Ошибка обработки файла GHSA-6jp5-hh4c-8c5h.json: value too long for type character varying(64)

Ошибка обработки файла GHSA-f786-75f3-74xj.json: value too long for type character varying(64)

Ошибка обработки файла GHSA-wfq2-52f7-7qvj.json: value too long for type character varying(64)

Ошибка обработки файла GHSA-793v-589g-574v.json: value too long for type character varying(64)

Ошибка обработки файла GHSA-526j-mv3p-f4vv.json: value too long for type character varying(64)

Ошибка обработки файла GHSA-vp6v-whfm-rv3g.json: value too long for type character varying(64)

Ошибка обработки файла GHSA-3wq7-rqq7-wx6j.json: value too long for type character varying(64)

Ошибка обработки файла GHSA-286p-vc9p-p5qv.json: value too long for type character varying(64)

Ошибка обработки файла GHSA-7jrq-q4pq-rhm6.json: value too long for type character varying(64)

Ошибка обработки файла GHSA-w62p-hx95-gf2c.json: value too long for type character varying(64)

Ошибка обработки файла GHSA-v3c9-j6h9-66v4.json: value too long for type character varying(64)

Ошибка обработки файла GHSA-pwh4-6r3m-j2rf.json: value too long for type character varying(64)

Ошибка обработки файла GHSA-8pgv-569h-w5rw.json: value too long for type character varying(64)

Ошибка обработки файла GHSA-hx52-cv84-jr5v.json: value too long for type character varying(64)

Ошибка обработки файла GHSA-799q-f2px-wx8c.json: value too long for type character varying(64)

Ошибка обработки файла GHSA-84r2-jw7c-4r5q.json: value too long for type character varying(64)

Ошибка обработки файла GHSA-pw67-xjhq-389w.json: value too long for type character varying(64)

Ошибка обработки файла GHSA-m3mq-f375-5vgh.json: value too long for type character varying(64)

Ошибка обработки файла GHSA-4v9x-cqc5-j645.json: value too long for type character varying(64)

Ошибка обработки файла GHSA-cm76-qm8v-3j95.json: value too long for type character varying(64)

Ошибка обработки файла GHSA-x7hp-r3qg-r3cj.json: value too long for type character varying(64)

Ошибка обработки файла GHSA-m4h2-mjfm-mp55.json: value too long for type character varying(64)

Ошибка обработки файла GHSA-255v-qv84-29p5.json: value too long for type character varying(64)

Ошибка обработки файла GHSA-hg3g-gphw-5hhm.json: value too long for type character varying(64)

Ошибка обработки файла GHSA-r584-6283-p7xc.json: value too long for type character varying(64)

Ошибка обработки файла GHSA-g22f-v6f7-2hrh.json: value too long for type character varying(64)

Ошибка обработки файла GHSA-5wgp-vjxm-3x2r.json: value too long for type character varying(64)

Ошибка обработки файла GHSA-rvqx-wpfh-mfx7.json: value too long for type character varying(64)

Ошибка обработки файла GHSA-6wxf-7784-62fp.json: value too long for type character varying(64)

Ошибка обработки файла GHSA-wh6m-h6f4-rjf4.json: value too long for type character varying(64)

Ошибка обработки файла GHSA-wx6g-fm6f-w822.json: value too long for type character varying(64)

Ошибка обработки файла GHSA-j8hf-cp34-g4j7.json: value too long for type character varying(64)

Ошибка обработки файла GHSA-rm59-992w-x2mv.json: value too long for type character varying(64)

Ошибка обработки файла GHSA-pfr4-4397-3hg8.json: value too long for type character varying(64)

Ошибка обработки файла GHSA-cxfp-7pvr-95ff.json: value too long for type character varying(64)

Ошибка обработки файла GHSA-wh2j-26j7-9728.json: value too long for type character varying(64)

Ошибка обработки файла GHSA-hffm-g8v7-wrv7.json: value too long for type character varying(64)

Ошибка обработки файла GHSA-p22h-3m2v-cmgh.json: value too long for type character varying(64)

Ошибка обработки файла GHSA-2j4c-9qqq-896r.json: value too long for type character varying(64)

Ошибка обработки файла GHSA-69jq-qr7w-j7qh.json: value too long for type character varying(64)

Ошибка обработки файла GHSA-p2gr-hm8g-q772.json: value too long for type character varying(64)

Ошибка обработки файла GHSA-mw96-cpmx-2vgc.json: value too long for type character varying(64)

Ошибка обработки файла GHSA-r6ph-v2qm-q3c2.json: value too long for type character varying(64)

Ошибка обработки файла GHSA-33mw-q7rj-mjwj.json: value too long for type character varying(64)

Ошибка обработки файла GHSA-49xw-vfc4-7p43.json: value too long for type character varying(64)

Ошибка обработки файла GHSA-7g56-fwxj-cm23.json: value too long for type character varying(64)

Ошибка обработки файла GHSA-5r3v-vc8m-m96g.json: value too long for type character varying(64)

Ошибка обработки файла GHSA-p2ph-7g93-hw3m.json: value too long for type character varying(64)

Ошибка обработки файла GHSA-f7f6-9jq7-3rqj.json: value too long for type character varying(64)

Ошибка обработки файла GHSA-r54c-2xmf-2cf3.json: value too long for type character varying(64)

Ошибка обработки файла GHSA-v2qh-f584-6hj8.json: value too long for type character varying(64)

Ошибка обработки файла GHSA-wrrr-8jcv-wjf5.json: value too long for type character varying(64)

Ошибка обработки файла GHSA-r3jv-xfgx-gj24.json: value too long for type character varying(64)

Ошибка обработки файла GHSA-7c78-rm87-5673.json: value too long for type character varying(64)

Ошибка обработки файла GHSA-3329-ghmp-jmv5.json: value too long for type character varying(64)

Ошибка обработки файла GHSA-r8g5-cgf2-4m4m.json: value too long for type character varying(64)

Ошибка обработки файла GHSA-qrv3-jc3h-f3m6.json: value too long for type character varying(64)

Ошибка обработки файла GHSA-68qg-g787-3rp5.json: value too long for type character varying(64)

Ошибка обработки файла GHSA-4f6g-68pf-7vhv.json: value too long for type character varying(64)

Ошибка обработки файла GHSA-r5m2-fqcf-qrf7.json: value too long for type character varying(64)

Ошибка обработки файла GHSA-mm7p-fcc7-pg87.json: value too long for type character varying(64)

Ошибка обработки файла GHSA-8wpr-639p-ccrj.json: value too long for type character varying(64)

Ошибка обработки файла GHSA-xfqm-j7pc-xrfc.json: value too long for type character varying(64)

Ошибка обработки файла GHSA-29qp-crvh-w22m.json: value too long for type character varying(64)

Ошибка обработки файла GHSA-8vq4-8hfp-29xh.json: value too long for type character varying(64)

Ошибка обработки файла GHSA-5v8v-66v8-mwm7.json: value too long for type character varying(64)

Ошибка обработки файла GHSA-wjpc-4f29-83h3.json: value too long for type character varying(64)

Ошибка обработки файла GHSA-rcjv-mgp8-qvmr.json: value too long for type character varying(64)

Ошибка обработки файла GHSA-4x49-vf9v-38px.json: value too long for type character varying(64)

Ошибка обработки файла GHSA-2p96-p7qh-4rgr.json: value too long for type character varying(64)

Ошибка обработки файла GHSA-gr7w-hmch-25g7.json: value too long for type character varying(64)

Ошибка обработки файла GHSA-3x5x-fw77-g54c.json: value too long for type character varying(64)

Ошибка обработки файла GHSA-c65f-x25w-62jv.json: value too long for type character varying(64)

Ошибка обработки файла GHSA-33f4-mjch-7fpr.json: value too long for type character varying(64)

Ошибка обработки файла GHSA-4rrr-2h4v-f3j9.json: value too long for type character varying(64)

Ошибка обработки файла GHSA-8q6v-474h-whgg.json: value too long for type character varying(64)

Ошибка обработки файла GHSA-wcj4-jw5j-44wh.json: value too long for type character varying(64)

Ошибка обработки файла GHSA-5q2p-3jg8-2m98.json: value too long for type character varying(64)

Ошибка обработки файла GHSA-mq77-rv97-285m.json: value too long for type character varying(64)

Ошибка обработки файла GHSA-qrmh-qg46-72pp.json: value too long for type character varying(64)

Ошибка обработки файла GHSA-2m9h-r57g-45pj.json: value too long for type character varying(64)

Ошибка обработки файла GHSA-g4w6-c99w-4wh7.json: value too long for type character varying(64)

Ошибка обработки файла GHSA-6f6w-6j58-rq76.json: value too long for type character varying(64)

Ошибка обработки файла GHSA-24p2-j2jr-386w.json: value too long for type character varying(64)

Ошибка обработки файла GHSA-hw34-rqc5-h2gm.json: value too long for type character varying(64)

Ошибка обработки файла GHSA-4h4x-4m75-47j4.json: value too long for type character varying(64)

Ошибка обработки файла GHSA-rx8g-88g5-qh64.json: value too long for type character varying(64)

Ошибка обработки файла GHSA-pm7q-rjjx-979p.json: value too long for type character varying(64)

Ошибка обработки файла GHSA-45rp-q25w-4426.json: value too long for type character varying(64)

Ошибка обработки файла GHSA-5m5x-9j46-h678.json: value too long for type character varying(64)

Ошибка обработки файла GHSA-hhf6-3xpg-pggx.json: value too long for type character varying(64)

Ошибка обработки файла GHSA-8v65-5fw5-23wj.json: value too long for type character varying(64)

Ошибка обработки файла GHSA-7qw8-3vmf-gj32.json: value too long for type character varying(64)

Ошибка обработки файла GHSA-6933-jpx5-q87q.json: value too long for type character varying(64)

Ошибка обработки файла GHSA-8425-8r2f-mrv6.json: value too long for type character varying(64)

Ошибка обработки файла GHSA-p4f6-h8jj-vfvf.json: value too long for type character varying(64)

Ошибка обработки файла GHSA-hfcf-79gh-f3jc.json: value too long for type character varying(64)

Ошибка обработки файла GHSA-pjwm-cr36-mwv3.json: value too long for type character varying(64)

Ошибка обработки файла GHSA-8r88-6cj9-9fh5.json: value too long for type character varying(64)

Ошибка обработки файла GO-2024-3102.json: value too long for type character varying(64)

Ошибка обработки файла GHSA-prf6-xjxh-p698.json: value too long for type character varying(64)

Ошибка обработки файла GHSA-82ff-hg59-8x73.json: value too long for type character varying(64)

Ошибка обработки файла GHSA-98x5-jw98-6c97.json: value too long for type character varying(64)

Ошибка обработки файла GHSA-w8v5-vhqr-4h9v.json: value too long for type character varying(64)

Ошибка обработки файла GHSA-3p6v-hrg8-8qj7.json: value too long for type character varying(64)

Ошибка обработки файла GHSA-528q-4pgm-wvg2.json: value too long for type character varying(64)

Ошибка обработки файла GHSA-r8c2-2qwq-94p6.json: value too long for type character varying(64)

Ошибка обработки файла GHSA-hcc4-c3v8-rx92.json: value too long for type character varying(64)

Ошибка обработки файла GHSA-vp8w-wj4m-3r7j.json: value too long for type character varying(64)

Ошибка обработки файла GHSA-rrr2-jcr8-7q3x.json: value too long for type character varying(64)

Ошибка обработки файла GHSA-x46r-mf5g-xpr6.json: value too long for type character varying(64)

Ошибка обработки файла GHSA-9p23-p2m4-2r4m.json: value too long for type character varying(64)

Ошибка обработки файла GHSA-w87r-vg9q-crqm.json: value too long for type character varying(64)

Ошибка обработки файла GHSA-5r3p-6rj5-7937.json: value too long for type character varying(64)

Ошибка обработки файла GHSA-ccc3-fvfx-mw3v.json: value too long for type character varying(64)

Ошибка обработки файла GHSA-gxhx-2686-5h9g.json: value too long for type character varying(64)

Ошибка обработки файла GHSA-6c59-mwgh-r2x6.json: value too long for type character varying(64)

Ошибка обработки файла GHSA-vp96-hxj8-p424.json: value too long for type character varying(64)

Ошибка обработки файла GHSA-2vhw-q7vh-7xv2.json: value too long for type character varying(64)

Ошибка обработки файла GHSA-9g9j-rggx-7fmg.json: value too long for type character varying(64)

Ошибка обработки файла GHSA-4p64-v8f5-r2gx.json: value too long for type character varying(64)

Ошибка обработки файла GHSA-4f9r-x588-pp2h.json: value too long for type character varying(64)

Ошибка обработки файла GHSA-rrgf-hcr9-jq6h.json: value too long for type character varying(64)

Ошибка обработки файла GHSA-jj3x-wxrx-4x23.json: value too long for type character varying(64)

Ошибка обработки файла GHSA-fpg4-jhqr-589c.json: value too long for type character varying(64)

Ошибка обработки файла GHSA-7mw3-79jq-xc7f.json: value too long for type character varying(64)

Ошибка обработки файла GHSA-2vrm-gr82-f7m5.json: value too long for type character varying(64)

Ошибка обработки файла GHSA-r3xh-3r3w-47gp.json: value too long for type character varying(64)

Ошибка обработки файла GHSA-fj52-5g4h-gmq8.json: value too long for type character varying(64)

Ошибка обработки файла GHSA-22c2-9gwg-mj59.json: value too long for type character varying(64)

Ошибка обработки файла GHSA-cq8c-xv66-36gw.json: value too long for type character varying(64)

Ошибка обработки файла GHSA-77wq-646f-jrm2.json: value too long for type character varying(64)

Ошибка обработки файла GHSA-6fxp-p9mg-q64w.json: value too long for type character varying(64)

Ошибка обработки файла GHSA-fw7p-63qq-7hpr.json: value too long for type character varying(64)

Ошибка обработки файла GHSA-m2w3-8f23-hxxf.json: value too long for type character varying(64)

Ошибка обработки файла GHSA-qmjj-p7m9-wjrv.json: value too long for type character varying(64)

Ошибка обработки файла GHSA-mqqc-3gqh-h2x8.json: value too long for type character varying(64)

Ошибка обработки файла GHSA-9q5r-wfvf-rr7f.json: value too long for type character varying(64)

Ошибка обработки файла GHSA-v895-833r-8c45.json: value too long for type character varying(64)

Ошибка обработки файла GHSA-9m3x-qqw2-h32h.json: value too long for type character varying(64)

Ошибка обработки файла GHSA-9j4f-f249-q5w8.json: value too long for type character varying(64)

Ошибка обработки файла GHSA-73h3-mf4w-8647.json: value too long for type character varying(64)

Ошибка обработки файла GHSA-gcqf-pxgg-gw8q.json: value too long for type character varying(64)

Ошибка обработки файла GHSA-9726-w42j-3qjr.json: value too long for type character varying(64)

Ошибка обработки файла GHSA-62vx-hpcr-m9ch.json: value too long for type character varying(64)

Ошибка обработки файла GHSA-425g-fjhq-5h92.json: value too long for type character varying(64)

Ошибка обработки файла GHSA-5pwr-322w-8jr4.json: value too long for type character varying(64)

Ошибка обработки файла GHSA-pw95-88fg-3j6f.json: value too long for type character varying(64)

Ошибка обработки файла GHSA-j3w7-9qc3-g96p.json: value too long for type character varying(64)

Ошибка обработки файла GHSA-q4w9-x3rv-4c8j.json: value too long for type character varying(64)

Ошибка обработки файла GHSA-4vr7-g93g-cf6m.json: value too long for type character varying(64)

Ошибка обработки файла GHSA-wx3r-v6h7-frjp.json: value too long for type character varying(64)

Ошибка обработки файла GHSA-7wc2-qxgw-g8gg.json: value too long for type character varying(64)

Ошибка обработки файла GHSA-frh7-2f84-v9mw.json: value too long for type character varying(64)

Ошибка обработки файла GHSA-fccg-7w3p-w66f.json: value too long for type character varying(64)

Ошибка обработки файла GHSA-9gvj-pp9x-gcfr.json: value too long for type character varying(64)

Ошибка обработки файла GHSA-wq2g-r956-j8cc.json: value too long for type character varying(64)

Ошибка обработки файла GHSA-p9x3-w98f-7j3q.json: value too long for type character varying(64)

Ошибка обработки файла GHSA-fmhh-rw3h-785m.json: value too long for type character varying(64)

Ошибка обработки файла GHSA-3hmw-8mw3-rmpj.json: value too long for type character varying(64)

Ошибка обработки файла GHSA-hx2h-vjw2-8r54.json: value too long for type character varying(64)

Ошибка обработки файла GHSA-4vgf-2cm4-mp7c.json: value too long for type character varying(64)

Ошибка обработки файла GHSA-v2ch-c8v8-fgr7.json: value too long for type character varying(64)

Ошибка обработки файла GHSA-jqwg-75qf-vmf9.json: value too long for type character varying(64)

Ошибка обработки файла GHSA-m7j5-r2p5-c39r.json: value too long for type character varying(64)

Ошибка обработки файла GHSA-xw6r-chmh-vpmj.json: value too long for type character varying(64)

Ошибка обработки файла GHSA-r7v6-mfhq-g3m2.json: value too long for type character varying(64)

Ошибка обработки файла GHSA-2g4f-4pwh-qvx6.json: value too long for type character varying(64)

Ошибка обработки файла GHSA-8h88-gxp3-j7pg.json: value too long for type character varying(64)

Ошибка обработки файла GHSA-mq8m-42gh-wq7r.json: value too long for type character varying(64)

Ошибка обработки файла GHSA-r277-3xc5-c79v.json: value too long for type character varying(64)

Ошибка обработки файла GHSA-9r9m-ffp6-9x4v.json: value too long for type character varying(64)

Ошибка обработки файла GHSA-6f65-4fv2-wwch.json: value too long for type character varying(64)

Ошибка обработки файла GHSA-97vp-pwqj-46qc.json: value too long for type character varying(64)

Ошибка обработки файла GHSA-q5c6-h22r-qpwr.json: value too long for type character varying(64)

Ошибка обработки файла GHSA-3hj6-r5c9-q8f3.json: value too long for type character varying(64)

Ошибка обработки файла GO-2023-2156.json: value too long for type character varying(64)

Ошибка обработки файла GHSA-gc9r-867r-j85f.json: value too long for type character varying(64)

Ошибка обработки файла GHSA-wccx-j62j-r448.json: value too long for type character varying(64)

Ошибка обработки файла GHSA-3mpm-jx38-9m8w.json: value too long for type character varying(64)

Ошибка обработки файла GHSA-3vcg-j39x-cwfm.json: value too long for type character varying(64)

Ошибка обработки файла GHSA-46j8-vpx8-6p72.json: value too long for type character varying(64)

Ошибка обработки файла GHSA-622h-h2p8-743x.json: value too long for type character varying(64)

Ошибка обработки файла GHSA-879p-475x-rqh2.json: value too long for type character varying(64)

Ошибка обработки файла GHSA-qppm-g56g-fpvp.json: value too long for type character varying(64)

Ошибка обработки файла GHSA-6r2x-8pq8-9489.json: value too long for type character varying(64)

Ошибка обработки файла GHSA-qp4c-xg64-7c6x.json: value too long for type character varying(64)

[2026-05-18 12:19:02] Найдены новые файлы. Запуск парсера...
Ошибка обработки файла GHSA-785h-76cm-cpmf.json: value too long for type character varying(64)

Ошибка обработки файла GHSA-j26g-95ph-2mwv.json: value too long for type character varying(64)

Ошибка обработки файла GHSA-569q-mpph-wgww.json: value too long for type character varying(64)

Ошибка обработки файла GHSA-95fj-3w7g-4r27.json: value too long for type character varying(64)

Ошибка обработки файла GHSA-mpp2-x7wv-38hv.json: value too long for type character varying(64)

Ошибка обработки файла GHSA-46h3-79wf-xr6c.json: value too long for type character varying(64)

Ошибка обработки файла GHSA-3558-j79f-vvm6.json: value too long for type character varying(64)

Ошибка обработки файла GHSA-2c6j-vw6r-mfch.json: value too long for type character varying(64)

Ошибка обработки файла GHSA-qhr6-mgqr-mchm.json: value too long for type character varying(64)

Ошибка обработки файла GHSA-hq75-xg7r-rx6c.json: value too long for type character varying(64)

Ошибка обработки файла GHSA-m79r-r765-5f9j.json: value too long for type character varying(64)

Ошибка обработки файла GHSA-mpfm-fpgx-647q.json: value too long for type character varying(64)

Ошибка обработки файла GHSA-fh55-r93g-j68g.json: value too long for type character varying(64)

Ошибка обработки файла GHSA-hvc7-763r-4f3h.json: value too long for type character varying(64)

Ошибка обработки файла GHSA-vr75-hjh9-7fr6.json: value too long for type character varying(64)

Ошибка обработки файла GHSA-r7r6-cc7p-4v5m.json: value too long for type character varying(64)

Ошибка обработки файла GHSA-2rw7-x74f-jg35.json: value too long for type character varying(64)

Ошибка обработки файла GHSA-q475-2pgm-7hvp.json: value too long for type character varying(64)

Ошибка обработки файла GHSA-2xv9-ghh9-xc69.json: value too long for type character varying(64)

Ошибка обработки файла GHSA-mrq8-rjmw-wpq3.json: value too long for type character varying(64)

Ошибка обработки файла GHSA-8495-4g3g-x7pr.json: value too long for type character varying(64)

Ошибка обработки файла GHSA-rq9r-qvwg-829q.json: value too long for type character varying(64)

Ошибка обработки файла GHSA-pmjj-h5jm-vxh4.json: value too long for type character varying(64)

Ошибка обработки файла GHSA-rf6f-7fwh-wjgh.json: value too long for type character varying(64)

Ошибка обработки файла GHSA-g2f6-pwvx-r275.json: value too long for type character varying(64)

Ошибка обработки файла GO-2023-2113.json: value too long for type character varying(64)

Ошибка обработки файла GHSA-hg3j-6pmh-mvjr.json: value too long for type character varying(64)

Ошибка обработки файла GHSA-57r2-h2wj-g887.json: value too long for type character varying(64)

Ошибка обработки файла GHSA-vh4h-fvqf-q9wv.json: value too long for type character varying(64)

Ошибка обработки файла GHSA-4mhv-8rh3-4ghw.json: value too long for type character varying(64)

Ошибка обработки файла GHSA-vr63-x8vc-m265.json: value too long for type character varying(64)

Ошибка обработки файла GHSA-3mv9-4h5g-vhg3.json: value too long for type character varying(64)

Ошибка обработки файла GHSA-q82r-2j7m-9rv4.json: value too long for type character varying(64)

Ошибка обработки файла GHSA-9jfh-9xrq-4vwm.json: value too long for type character varying(64)

Ошибка обработки файла GHSA-9gjj-6gj7-c4wj.json: value too long for type character varying(64)

Ошибка обработки файла GHSA-6943-qr24-82vx.json: value too long for type character varying(64)

Ошибка обработки файла GHSA-mpmc-qchh-r9q8.json: value too long for type character varying(64)

Ошибка обработки файла GHSA-g2h5-cvvr-7gmw.json: value too long for type character varying(64)

Ошибка обработки файла GHSA-2wcm-vx67-3x4q.json: value too long for type character varying(64)

Ошибка обработки файла GHSA-832w-fhmw-w4f4.json: value too long for type character varying(64)

Ошибка обработки файла GHSA-2657-3c98-63jq.json: value too long for type character varying(64)

Ошибка обработки файла GHSA-v7c4-33vf-cqqq.json: value too long for type character varying(64)

Ошибка обработки файла GHSA-m929-rg27-gj99.json: value too long for type character varying(64)

Ошибка обработки файла GHSA-4rh7-jwg9-m28m.json: value too long for type character varying(64)

Ошибка обработки файла GHSA-cv54-7wv7-qxcw.json: value too long for type character varying(64)

Ошибка обработки файла GHSA-vqmv-47xg-9wpr.json: value too long for type character varying(64)

Ошибка обработки файла GHSA-q5qq-mvfm-j35x.json: value too long for type character varying(64)

Ошибка обработки файла GHSA-r2rv-8pp3-65xw.json: value too long for type character varying(64)

Ошибка обработки файла GHSA-mwm9-4648-f68q.json: value too long for type character varying(64)

Ошибка обработки файла GHSA-3jhf-gxhr-q4cx.json: value too long for type character varying(64)

Ошибка обработки файла GHSA-9rhg-254w-fh9x.json: value too long for type character varying(64)

Ошибка обработки файла GHSA-pc5g-j9j7-p4q3.json: value too long for type character varying(64)

Ошибка обработки файла GHSA-5hwf-rc88-82xm.json: value too long for type character varying(64)

Ошибка обработки файла GHSA-mf5g-6r6f-ghhm.json: value too long for type character varying(64)

Ошибка обработки файла GHSA-j424-mc44-f4hj.json: value too long for type character varying(64)

Ошибка обработки файла GHSA-wgc6-9f6w-h8hx.json: value too long for type character varying(64)

Ошибка обработки файла GHSA-7899-w6c4-vqc4.json: value too long for type character varying(64)

Ошибка обработки файла GHSA-w8rr-5gcm-pp58.json: value too long for type character varying(64)

Ошибка обработки файла GHSA-w6rp-vxj2-fjhr.json: value too long for type character varying(64)

Ошибка обработки файла GHSA-87mj-5ggw-8qc3.json: value too long for type character varying(64)

Ошибка обработки файла GHSA-pjr6-jx7r-j4r6.json: value too long for type character varying(64)

Ошибка обработки файла GHSA-5jvp-m9h4-253h.json: value too long for type character varying(64)

Ошибка обработки файла GHSA-rg7c-g689-fr3x.json: value too long for type character varying(64)

Ошибка обработки файла GHSA-54jq-c3m8-4m76.json: value too long for type character varying(64)

Ошибка обработки файла GHSA-59g6-v3vg-f7wc.json: value too long for type character varying(64)

Ошибка обработки файла GHSA-pfrv-63w8-q7rq.json: value too long for type character varying(64)

Ошибка обработки файла GHSA-5gjc-grvm-m88j.json: value too long for type character varying(64)

Ошибка обработки файла GHSA-pxx3-g568-hxr4.json: value too long for type character varying(64)

Ошибка обработки файла GHSA-7rhv-xm4q-wh42.json: value too long for type character varying(64)

Ошибка обработки файла GHSA-2phg-qgmm-r638.json: value too long for type character varying(64)

Ошибка обработки файла GHSA-j842-xgm4-wf88.json: value too long for type character varying(64)

Ошибка обработки файла GHSA-gj54-gwj9-x2c6.json: value too long for type character varying(64)

Ошибка обработки файла GHSA-92j7-wgmg-f32m.json: value too long for type character varying(64)

Ошибка обработки файла GHSA-7xwp-2cpp-p8r7.json: value too long for type character varying(64)

Ошибка обработки файла GHSA-66pp-5p9w-q87j.json: value too long for type character varying(64)

Ошибка обработки файла GHSA-79qw-g77v-2vfh.json: value too long for type character varying(64)

Ошибка обработки файла GHSA-6556-fwc2-fg2p.json: value too long for type character varying(64)

Ошибка обработки файла GHSA-5jpx-9hw9-2fx4.json: value too long for type character varying(64)

Ошибка обработки файла GHSA-xh9h-692f-mmg4.json: value too long for type character varying(64)

Ошибка обработки файла GHSA-c37v-3c8w-crq8.json: value too long for type character varying(64)

Ошибка обработки файла GHSA-rfxf-mf63-cpqv.json: value too long for type character varying(64)

Ошибка обработки файла GHSA-xcxh-6cv4-q8p8.json: value too long for type character varying(64)

Ошибка обработки файла GHSA-gmfg-3v4q-9qr4.json: value too long for type character varying(64)

Ошибка обработки файла GHSA-9mrq-cjgh-32g2.json: value too long for type character varying(64)

Ошибка обработки файла GO-2023-2331.json: value too long for type character varying(64)

Ошибка обработки файла GHSA-9f8m-9547-2gqm.json: value too long for type character varying(64)

Ошибка обработки файла GHSA-565g-hwwr-4pp3.json: value too long for type character varying(64)

Ошибка обработки файла GHSA-v8vw-gw5j-w7m6.json: value too long for type character varying(64)

Ошибка обработки файла GHSA-c87c-78rc-vmv2.json: value too long for type character varying(64)

Ошибка обработки файла GHSA-g2rq-jv54-wcpr.json: value too long for type character varying(64)

Ошибка обработки файла GHSA-28xx-pppm-vqff.json: value too long for type character varying(64)

Ошибка обработки файла GHSA-5rjg-fvgr-3xxf.json: value too long for type character varying(64)

Ошибка обработки файла GHSA-64x7-m7rh-9m83.json: value too long for type character varying(64)

Ошибка обработки файла GHSA-2qgr-gfvj-qpcr.json: value too long for type character varying(64)

Ошибка обработки файла GHSA-hq76-6gh2-5g4q.json: value too long for type character varying(64)

Ошибка обработки файла GHSA-3jqf-v4mv-747g.json: value too long for type character varying(64)

Ошибка обработки файла GHSA-6jhg-hg63-jvvf.json: value too long for type character varying(64)

Ошибка обработки файла GHSA-5hvc-6wx8-mvv4.json: value too long for type character varying(64)

Ошибка обработки файла GHSA-jjwv-57xh-xr6r.json: value too long for type character varying(64)

Ошибка обработки файла GHSA-rrf6-pxg8-684g.json: value too long for type character varying(64)

Ошибка обработки файла GHSA-73rr-hh4g-fpgx.json: value too long for type character varying(64)

Ошибка обработки файла GHSA-5mq8-78gm-pjmq.json: value too long for type character varying(64)

Ошибка обработки файла GHSA-h4rm-mm56-xf63.json: value too long for type character varying(64)

Ошибка обработки файла GHSA-7q64-3rg2-h9pf.json: value too long for type character varying(64)

Ошибка обработки файла GHSA-56r6-ccm5-8hg3.json: value too long for type character varying(64)

Ошибка обработки файла GHSA-36hm-qxxp-pg3m.json: value too long for type character varying(64)

Ошибка обработки файла GHSA-3phv-83cj-p8p7.json: value too long for type character varying(64)

Ошибка обработки файла GHSA-hjwq-mjwj-4x6c.json: value too long for type character varying(64)

Ошибка обработки файла GHSA-w832-gg5g-x44m.json: value too long for type character varying(64)

Ошибка обработки файла GHSA-37j7-fg3j-429f.json: value too long for type character varying(64)

Ошибка обработки файла GHSA-vfgx-5q85-58q3.json: value too long for type character varying(64)

Ошибка обработки файла GHSA-q9vp-3wcg-8p4x.json: value too long for type character varying(64)

Ошибка обработки файла GHSA-5r5m-65gx-7vrh.json: value too long for type character varying(64)

Ошибка обработки файла GHSA-hqf9-8xv5-x8xw.json: value too long for type character varying(64)

Ошибка обработки файла GHSA-33r8-vrx9-rmcv.json: value too long for type character varying(64)

Ошибка обработки файла GHSA-2689-cw26-6cpj.json: value too long for type character varying(64)

Ошибка обработки файла GHSA-7mc2-6phr-23xc.json: value too long for type character varying(64)

Ошибка обработки файла GHSA-m449-cwjh-6pw7.json: value too long for type character varying(64)

Ошибка обработки файла GHSA-2r8f-cf6w-x5vq.json: value too long for type character varying(64)

Ошибка обработки файла GHSA-vrch-868g-9jx5.json: value too long for type character varying(64)

Ошибка обработки файла GHSA-rq77-p4h8-4crw.json: value too long for type character varying(64)

Ошибка обработки файла GHSA-q26p-9cq4-7fc2.json: value too long for type character varying(64)

Ошибка обработки файла GHSA-6gf2-ffq8-gcww.json: value too long for type character varying(64)

Ошибка обработки файла GHSA-529f-9qwm-9628.json: value too long for type character varying(64)

Ошибка обработки файла GHSA-7cp4-jw97-3rc2.json: value too long for type character varying(64)

Ошибка обработки файла GHSA-cg4x-64p3-x59h.json: value too long for type character varying(64)

Ошибка обработки файла GHSA-pwq7-2gvj-vg9v.json: value too long for type character varying(64)

Ошибка обработки файла GHSA-q9hv-hpm4-hj6x.json: value too long for type character varying(64)

Ошибка обработки файла GHSA-p8pf-44ff-93gf.json: value too long for type character varying(64)

Ошибка обработки файла GHSA-pjv4-3c63-699f.json: value too long for type character varying(64)

Ошибка обработки файла GHSA-cjgq-5qmw-rcj6.json: value too long for type character varying(64)

Ошибка обработки файла GHSA-hcr5-wv4p-h2g2.json: value too long for type character varying(64)

Ошибка обработки файла GO-2025-3463.json: value too long for type character varying(64)

Ошибка обработки файла GHSA-hjph-f4mc-wx4c.json: value too long for type character varying(64)

Ошибка обработки файла GHSA-687h-xw6f-q2qw.json: value too long for type character varying(64)

Ошибка обработки файла GHSA-4xrr-hq4w-6vf4.json: value too long for type character varying(64)

Ошибка обработки файла GHSA-vrhm-gvg7-fpcf.json: value too long for type character varying(64)

Ошибка обработки файла GHSA-2ccx-cjjh-r2j8.json: value too long for type character varying(64)

Ошибка обработки файла GHSA-7hfw-26vp-jp8m.json: value too long for type character varying(64)

Ошибка обработки файла GHSA-rfq8-j7rh-8hf2.json: value too long for type character varying(64)

Ошибка обработки файла GHSA-rv73-9c8w-jp4c.json: value too long for type character varying(64)

Ошибка обработки файла GHSA-m2h6-4xpq-qw3m.json: value too long for type character varying(64)

Ошибка обработки файла GHSA-c6rr-7pmc-73wc.json: value too long for type character varying(64)

Ошибка обработки файла GHSA-9m7r-g8hg-x3vr.json: value too long for type character varying(64)

Ошибка обработки файла GHSA-84hm-wfh8-c5pg.json: value too long for type character varying(64)

Ошибка обработки файла GHSA-69f9-5gxw-wvc2.json: value too long for type character varying(64)

Ошибка обработки файла GHSA-4675-36f9-wf6r.json: value too long for type character varying(64)

Ошибка обработки файла GHSA-frv8-gffc-37px.json: value too long for type character varying(64)

Ошибка обработки файла GHSA-qh3j-mrg8-f234.json: value too long for type character varying(64)

Ошибка обработки файла GHSA-x4vh-j75g-268g.json: value too long for type character varying(64)

Ошибка обработки файла GHSA-223j-4rm8-mrmf.json: value too long for type character varying(64)

Ошибка обработки файла GHSA-jxmr-2h4q-rhxp.json: value too long for type character varying(64)

Ошибка обработки файла GHSA-hhfg-fwrw-87w7.json: value too long for type character varying(64)

Ошибка обработки файла GHSA-x843-g5mx-g377.json: value too long for type character varying(64)

Ошибка обработки файла GHSA-2fh4-gpch-vqv4.json: value too long for type character varying(64)

Ошибка обработки файла GHSA-45rp-9p97-h852.json: value too long for type character varying(64)

Ошибка обработки файла GHSA-5vhg-9xg4-cv9m.json: value too long for type character varying(64)

Ошибка обработки файла GHSA-f238-rggp-82m3.json: value too long for type character varying(64)

Ошибка обработки файла GHSA-86x4-wp9f-wrr9.json: value too long for type character varying(64)

Ошибка обработки файла GHSA-34q3-8x9v-j957.json: value too long for type character varying(64)

Ошибка обработки файла GHSA-6fmw-82m7-jq6p.json: value too long for type character varying(64)

Ошибка обработки файла GHSA-6phg-4wmq-h5h3.json: value too long for type character varying(64)

Ошибка обработки файла GHSA-x597-9fr4-5857.json: value too long for type character varying(64)

Ошибка обработки файла GHSA-53mq-f4w3-f7qv.json: value too long for type character varying(64)

Ошибка обработки файла GHSA-xqrq-4mgf-ff32.json: value too long for type character varying(64)

Ошибка обработки файла GHSA-jfx9-29x2-rv3j.json: value too long for type character varying(64)

Ошибка обработки файла GHSA-c2fc-9q9c-5486.json: value too long for type character varying(64)

Ошибка обработки файла GHSA-pchf-49fh-w34r.json: value too long for type character varying(64)

Ошибка обработки файла GHSA-79hx-3fp8-hj66.json: value too long for type character varying(64)

Ошибка обработки файла GHSA-527x-5wrf-22m2.json: value too long for type character varying(64)

Ошибка обработки файла GHSA-g84x-mcqj-x9qq.json: value too long for type character varying(64)

Ошибка обработки файла GHSA-pw25-c82r-75mm.json: value too long for type character varying(64)

Ошибка обработки файла GHSA-4pfg-2mw5-f8jx.json: value too long for type character varying(64)

Ошибка обработки файла GHSA-pp3g-xmm4-5cw9.json: value too long for type character varying(64)

Ошибка обработки файла GHSA-4jf8-g8wp-cx7c.json: value too long for type character varying(64)

Ошибка обработки файла GHSA-wfm2-rq5g-f8v5.json: value too long for type character varying(64)

Ошибка обработки файла GHSA-j48q-4c78-rhf9.json: value too long for type character varying(64)

Ошибка обработки файла GHSA-jr5f-v2jv-69x6.json: value too long for type character varying(64)

Ошибка обработки файла GHSA-955r-x9j8-7rhh.json: value too long for type character varying(64)

Ошибка обработки файла GHSA-hx9q-6w63-j58v.json: value too long for type character varying(64)

Ошибка обработки файла GHSA-387m-j3p9-3php.json: value too long for type character varying(64)

Ошибка обработки файла GHSA-6p68-w45g-48j7.json: value too long for type character varying(64)

Ошибка обработки файла GHSA-j6g5-p62x-58hw.json: value too long for type character varying(64)

Ошибка обработки файла GHSA-w6mr-mj53-x258.json: value too long for type character varying(64)

Ошибка обработки файла GHSA-6h8w-hrfp-pffx.json: value too long for type character varying(64)

Ошибка обработки файла GHSA-rrxm-2pvv-m66x.json: value too long for type character varying(64)

Ошибка обработки файла GHSA-p258-xmh3-72pv.json: value too long for type character varying(64)

Ошибка обработки файла GHSA-j4gv-6x9v-v23g.json: value too long for type character varying(64)

Ошибка обработки файла GHSA-c5cp-vx83-jhqx.json: value too long for type character varying(64)

Ошибка обработки файла GHSA-2977-5php-6789.json: value too long for type character varying(64)

Ошибка обработки файла GHSA-gvg8-93h5-g6qq.json: value too long for type character varying(64)

Ошибка обработки файла GHSA-9x9c-ghc5-jhw9.json: value too long for type character varying(64)

Ошибка обработки файла GHSA-mcrw-746g-9q8h.json: value too long for type character varying(64)

Ошибка обработки файла GHSA-v2mw-5mch-w8c5.json: value too long for type character varying(64)

Ошибка обработки файла GO-2024-3066.json: value too long for type character varying(64)

Ошибка обработки файла GO-2024-2750.json: value too long for type character varying(64)

Ошибка обработки файла GHSA-p998-jp59-783m.json: value too long for type character varying(64)

Ошибка обработки файла GHSA-r6h4-mm7h-8pmq.json: value too long for type character varying(64)

Ошибка обработки файла GHSA-585v-hcgf-jhfr.json: value too long for type character varying(64)

Ошибка обработки файла GHSA-w6vg-jg77-2qg6.json: value too long for type character varying(64)

Ошибка обработки файла GHSA-mq84-hjqx-cwf2.json: value too long for type character varying(64)

Ошибка обработки файла GHSA-5fvm-p68v-5wmh.json: value too long for type character varying(64)

Ошибка обработки файла GHSA-qv8j-hgpc-vrq8.json: value too long for type character varying(64)

Ошибка обработки файла GHSA-hqrf-67pm-wgfq.json: value too long for type character varying(64)

Ошибка обработки файла GHSA-hf6h-9wq7-hmjg.json: value too long for type character varying(64)

Ошибка обработки файла GHSA-fj3w-jwp8-x2g3.json: value too long for type character varying(64)

Ошибка обработки файла GHSA-89vc-vf32-ch59.json: value too long for type character varying(64)

Ошибка обработки файла GHSA-g7pc-pc7g-h8jh.json: value too long for type character varying(64)

Ошибка обработки файла GHSA-mwh4-6h8g-pg8w.json: value too long for type character varying(64)

Ошибка обработки файла GHSA-rjv5-9px2-fqw6.json: value too long for type character varying(64)

Ошибка обработки файла GHSA-p523-jq9w-64x9.json: value too long for type character varying(64)

Ошибка обработки файла GHSA-9548-qrrj-x5pj.json: value too long for type character varying(64)

Ошибка обработки файла GHSA-q8jq-4rm5-4hm5.json: value too long for type character varying(64)

Ошибка обработки файла GHSA-2mcm-79hx-8fxw.json: value too long for type character varying(64)

Ошибка обработки файла GHSA-pj86-cfqh-vqx6.json: value too long for type character varying(64)

Ошибка обработки файла GHSA-5wmg-9cvh-qw25.json: value too long for type character varying(64)

Ошибка обработки файла GHSA-wg47-6jq2-q2hh.json: value too long for type character varying(64)

Ошибка обработки файла GHSA-36rg-gfq2-3h56.json: value too long for type character varying(64)

Ошибка обработки файла GHSA-hjr9-wj7v-7hv8.json: value too long for type character varying(64)

Ошибка обработки файла GHSA-49pv-gwxp-532r.json: value too long for type character varying(64)

Ошибка обработки файла GHSA-vh9x-phq6-fx54.json: value too long for type character varying(64)

Ошибка обработки файла GHSA-v342-4xr9-x3q3.json: value too long for type character varying(64)

Ошибка обработки файла GHSA-ffrw-9mx8-89p8.json: value too long for type character varying(64)

Ошибка обработки файла GHSA-mxhj-88fx-4pcv.json: value too long for type character varying(64)

Ошибка обработки файла GHSA-3gxm-wfjx-m847.json: value too long for type character varying(64)

Ошибка обработки файла GHSA-4xc4-762w-m6cg.json: value too long for type character varying(64)

Ошибка обработки файла GHSA-rvjx-cfjh-5mc9.json: value too long for type character varying(64)

Ошибка обработки файла GHSA-q9rr-h3hx-m87g.json: value too long for type character varying(64)

Ошибка обработки файла GHSA-25g8-2mcf-fcx9.json: value too long for type character varying(64)

Ошибка обработки файла GHSA-gxp8-m5rq-3m38.json: value too long for type character varying(64)

Ошибка обработки файла GHSA-qc2h-74x3-4v3w.json: value too long for type character varying(64)

Ошибка обработки файла GHSA-r2h2-g46h-8mx8.json: value too long for type character varying(64)

Ошибка обработки файла GHSA-j9wj-m24m-7jj6.json: value too long for type character varying(64)

Ошибка обработки файла GHSA-x76f-jf84-rqj8.json: value too long for type character varying(64)

Ошибка обработки файла GHSA-33hq-fvwr-56pm.json: value too long for type character varying(64)

Ошибка обработки файла GHSA-hhh5-2cvx-vmfp.json: value too long for type character varying(64)

Ошибка обработки файла GHSA-459x-q9hg-4gpq.json: value too long for type character varying(64)

Ошибка обработки файла GHSA-h3m5-p59h-x88p.json: value too long for type character varying(64)

Ошибка обработки файла GHSA-6fgm-x6ff-w78f.json: value too long for type character varying(64)

Ошибка обработки файла GHSA-59qh-fmm7-3g9q.json: value too long for type character varying(64)

Ошибка обработки файла GHSA-9m49-p2j3-c6xm.json: value too long for type character varying(64)

Ошибка обработки файла GHSA-g966-83w7-6w38.json: value too long for type character varying(64)

Ошибка обработки файла GHSA-2v35-wj4r-rcmv.json: value too long for type character varying(64)

Ошибка обработки файла GHSA-ppwq-6v66-5m6j.json: value too long for type character varying(64)

Ошибка обработки файла GHSA-hpqf-m68j-2pfx.json: value too long for type character varying(64)

Ошибка обработки файла GHSA-vm2f-46xc-5jc3.json: value too long for type character varying(64)

Ошибка обработки файла GHSA-cr7h-93fh-whwm.json: value too long for type character varying(64)

Ошибка обработки файла GHSA-7xqm-7738-642x.json: value too long for type character varying(64)

Ошибка обработки файла GHSA-6jx8-rcjx-vmwf.json: value too long for type character varying(64)

Ошибка обработки файла GHSA-vhvq-fv9f-wh4q.json: value too long for type character varying(64)

Ошибка обработки файла GHSA-m273-6v24-x4m4.json: value too long for type character varying(64)

Ошибка обработки файла GHSA-w254-4hp5-7cvv.json: value too long for type character varying(64)

Ошибка обработки файла GHSA-mwv9-gp5h-frr4.json: value too long for type character varying(64)

Ошибка обработки файла GHSA-p34h-wq7j-h5v6.json: value too long for type character varying(64)

Ошибка обработки файла GHSA-jmr4-p576-v565.json: value too long for type character varying(64)

Ошибка обработки файла GHSA-g5mq-prx7-c588.json: value too long for type character varying(64)

Ошибка обработки файла GHSA-6jp5-hh4c-8c5h.json: value too long for type character varying(64)

Ошибка обработки файла GHSA-f786-75f3-74xj.json: value too long for type character varying(64)

Ошибка обработки файла GHSA-wfq2-52f7-7qvj.json: value too long for type character varying(64)

Ошибка обработки файла GHSA-793v-589g-574v.json: value too long for type character varying(64)

Ошибка обработки файла GHSA-526j-mv3p-f4vv.json: value too long for type character varying(64)

Ошибка обработки файла GHSA-vp6v-whfm-rv3g.json: value too long for type character varying(64)

Ошибка обработки файла GHSA-3wq7-rqq7-wx6j.json: value too long for type character varying(64)

Ошибка обработки файла GHSA-286p-vc9p-p5qv.json: value too long for type character varying(64)

Ошибка обработки файла GHSA-7jrq-q4pq-rhm6.json: value too long for type character varying(64)

Ошибка обработки файла GHSA-w62p-hx95-gf2c.json: value too long for type character varying(64)

Ошибка обработки файла GHSA-v3c9-j6h9-66v4.json: value too long for type character varying(64)

Ошибка обработки файла GHSA-pwh4-6r3m-j2rf.json: value too long for type character varying(64)

Ошибка обработки файла GHSA-8pgv-569h-w5rw.json: value too long for type character varying(64)

Ошибка обработки файла GHSA-hx52-cv84-jr5v.json: value too long for type character varying(64)

Ошибка обработки файла GHSA-799q-f2px-wx8c.json: value too long for type character varying(64)

Ошибка обработки файла GHSA-84r2-jw7c-4r5q.json: value too long for type character varying(64)

Ошибка обработки файла GHSA-pw67-xjhq-389w.json: value too long for type character varying(64)

Ошибка обработки файла GHSA-m3mq-f375-5vgh.json: value too long for type character varying(64)

Ошибка обработки файла GHSA-4v9x-cqc5-j645.json: value too long for type character varying(64)

Ошибка обработки файла GHSA-cm76-qm8v-3j95.json: value too long for type character varying(64)

Ошибка обработки файла GHSA-x7hp-r3qg-r3cj.json: value too long for type character varying(64)

Ошибка обработки файла GHSA-m4h2-mjfm-mp55.json: value too long for type character varying(64)

Ошибка обработки файла GHSA-255v-qv84-29p5.json: value too long for type character varying(64)

Ошибка обработки файла GHSA-hg3g-gphw-5hhm.json: value too long for type character varying(64)

Ошибка обработки файла GHSA-r584-6283-p7xc.json: value too long for type character varying(64)

Ошибка обработки файла GHSA-g22f-v6f7-2hrh.json: value too long for type character varying(64)

Ошибка обработки файла GHSA-5wgp-vjxm-3x2r.json: value too long for type character varying(64)

Ошибка обработки файла GHSA-rvqx-wpfh-mfx7.json: value too long for type character varying(64)

Ошибка обработки файла GHSA-6wxf-7784-62fp.json: value too long for type character varying(64)

Ошибка обработки файла GHSA-wh6m-h6f4-rjf4.json: value too long for type character varying(64)

Ошибка обработки файла GHSA-wx6g-fm6f-w822.json: value too long for type character varying(64)

Ошибка обработки файла GHSA-j8hf-cp34-g4j7.json: value too long for type character varying(64)

Ошибка обработки файла GHSA-rm59-992w-x2mv.json: value too long for type character varying(64)

Ошибка обработки файла GHSA-pfr4-4397-3hg8.json: value too long for type character varying(64)

Ошибка обработки файла GHSA-cxfp-7pvr-95ff.json: value too long for type character varying(64)

Ошибка обработки файла GHSA-wh2j-26j7-9728.json: value too long for type character varying(64)

Ошибка обработки файла GHSA-hffm-g8v7-wrv7.json: value too long for type character varying(64)

Ошибка обработки файла GHSA-p22h-3m2v-cmgh.json: value too long for type character varying(64)

Ошибка обработки файла GHSA-2j4c-9qqq-896r.json: value too long for type character varying(64)

Ошибка обработки файла GHSA-69jq-qr7w-j7qh.json: value too long for type character varying(64)

Ошибка обработки файла GHSA-p2gr-hm8g-q772.json: value too long for type character varying(64)

Ошибка обработки файла GHSA-mw96-cpmx-2vgc.json: value too long for type character varying(64)

Ошибка обработки файла GHSA-r6ph-v2qm-q3c2.json: value too long for type character varying(64)

Ошибка обработки файла GHSA-33mw-q7rj-mjwj.json: value too long for type character varying(64)

Ошибка обработки файла GHSA-49xw-vfc4-7p43.json: value too long for type character varying(64)

Ошибка обработки файла GHSA-7g56-fwxj-cm23.json: value too long for type character varying(64)

Ошибка обработки файла GHSA-5r3v-vc8m-m96g.json: value too long for type character varying(64)

Ошибка обработки файла GHSA-p2ph-7g93-hw3m.json: value too long for type character varying(64)

Ошибка обработки файла GHSA-f7f6-9jq7-3rqj.json: value too long for type character varying(64)

Ошибка обработки файла GHSA-r54c-2xmf-2cf3.json: value too long for type character varying(64)

Ошибка обработки файла GHSA-v2qh-f584-6hj8.json: value too long for type character varying(64)

Ошибка обработки файла GHSA-wrrr-8jcv-wjf5.json: value too long for type character varying(64)

Ошибка обработки файла GHSA-r3jv-xfgx-gj24.json: value too long for type character varying(64)

Ошибка обработки файла GHSA-7c78-rm87-5673.json: value too long for type character varying(64)

Ошибка обработки файла GHSA-3329-ghmp-jmv5.json: value too long for type character varying(64)

Ошибка обработки файла GHSA-r8g5-cgf2-4m4m.json: value too long for type character varying(64)

Ошибка обработки файла GHSA-qrv3-jc3h-f3m6.json: value too long for type character varying(64)

Ошибка обработки файла GHSA-68qg-g787-3rp5.json: value too long for type character varying(64)

Ошибка обработки файла GHSA-4f6g-68pf-7vhv.json: value too long for type character varying(64)

Ошибка обработки файла GHSA-r5m2-fqcf-qrf7.json: value too long for type character varying(64)

Ошибка обработки файла GHSA-mm7p-fcc7-pg87.json: value too long for type character varying(64)

Ошибка обработки файла GHSA-8wpr-639p-ccrj.json: value too long for type character varying(64)

Ошибка обработки файла GHSA-xfqm-j7pc-xrfc.json: value too long for type character varying(64)

Ошибка обработки файла GHSA-29qp-crvh-w22m.json: value too long for type character varying(64)

Ошибка обработки файла GHSA-8vq4-8hfp-29xh.json: value too long for type character varying(64)

Ошибка обработки файла GHSA-5v8v-66v8-mwm7.json: value too long for type character varying(64)

Ошибка обработки файла GHSA-wjpc-4f29-83h3.json: value too long for type character varying(64)

Ошибка обработки файла GHSA-rcjv-mgp8-qvmr.json: value too long for type character varying(64)

Ошибка обработки файла GHSA-4x49-vf9v-38px.json: value too long for type character varying(64)

Ошибка обработки файла GHSA-2p96-p7qh-4rgr.json: value too long for type character varying(64)

Ошибка обработки файла GHSA-gr7w-hmch-25g7.json: value too long for type character varying(64)

Ошибка обработки файла GHSA-3x5x-fw77-g54c.json: value too long for type character varying(64)

Ошибка обработки файла GHSA-c65f-x25w-62jv.json: value too long for type character varying(64)

Ошибка обработки файла GHSA-33f4-mjch-7fpr.json: value too long for type character varying(64)

Ошибка обработки файла GHSA-4rrr-2h4v-f3j9.json: value too long for type character varying(64)

Ошибка обработки файла GHSA-8q6v-474h-whgg.json: value too long for type character varying(64)

Ошибка обработки файла GHSA-wcj4-jw5j-44wh.json: value too long for type character varying(64)

Ошибка обработки файла GHSA-5q2p-3jg8-2m98.json: value too long for type character varying(64)

Ошибка обработки файла GHSA-mq77-rv97-285m.json: value too long for type character varying(64)

Ошибка обработки файла GHSA-qrmh-qg46-72pp.json: value too long for type character varying(64)

Ошибка обработки файла GHSA-2m9h-r57g-45pj.json: value too long for type character varying(64)

Ошибка обработки файла GHSA-g4w6-c99w-4wh7.json: value too long for type character varying(64)

Ошибка обработки файла GHSA-6f6w-6j58-rq76.json: value too long for type character varying(64)

Ошибка обработки файла GHSA-24p2-j2jr-386w.json: value too long for type character varying(64)

Ошибка обработки файла GHSA-hw34-rqc5-h2gm.json: value too long for type character varying(64)

Ошибка обработки файла GHSA-4h4x-4m75-47j4.json: value too long for type character varying(64)

Ошибка обработки файла GHSA-rx8g-88g5-qh64.json: value too long for type character varying(64)

Ошибка обработки файла GHSA-pm7q-rjjx-979p.json: value too long for type character varying(64)

Ошибка обработки файла GHSA-45rp-q25w-4426.json: value too long for type character varying(64)

Ошибка обработки файла GHSA-5m5x-9j46-h678.json: value too long for type character varying(64)

Ошибка обработки файла GHSA-hhf6-3xpg-pggx.json: value too long for type character varying(64)

Ошибка обработки файла GHSA-8v65-5fw5-23wj.json: value too long for type character varying(64)

Ошибка обработки файла GHSA-7qw8-3vmf-gj32.json: value too long for type character varying(64)

Ошибка обработки файла GHSA-6933-jpx5-q87q.json: value too long for type character varying(64)

Ошибка обработки файла GHSA-8425-8r2f-mrv6.json: value too long for type character varying(64)

Ошибка обработки файла GHSA-p4f6-h8jj-vfvf.json: value too long for type character varying(64)

Ошибка обработки файла GHSA-hfcf-79gh-f3jc.json: value too long for type character varying(64)

Ошибка обработки файла GHSA-pjwm-cr36-mwv3.json: value too long for type character varying(64)

Ошибка обработки файла GHSA-8r88-6cj9-9fh5.json: value too long for type character varying(64)

Ошибка обработки файла GO-2024-3102.json: value too long for type character varying(64)

Ошибка обработки файла GHSA-prf6-xjxh-p698.json: value too long for type character varying(64)

Ошибка обработки файла GHSA-82ff-hg59-8x73.json: value too long for type character varying(64)

Ошибка обработки файла GHSA-98x5-jw98-6c97.json: value too long for type character varying(64)

Ошибка обработки файла GHSA-w8v5-vhqr-4h9v.json: value too long for type character varying(64)

Ошибка обработки файла GHSA-3p6v-hrg8-8qj7.json: value too long for type character varying(64)

Ошибка обработки файла GHSA-528q-4pgm-wvg2.json: value too long for type character varying(64)

Ошибка обработки файла GHSA-r8c2-2qwq-94p6.json: value too long for type character varying(64)

Ошибка обработки файла GHSA-hcc4-c3v8-rx92.json: value too long for type character varying(64)

Ошибка обработки файла GHSA-vp8w-wj4m-3r7j.json: value too long for type character varying(64)

Ошибка обработки файла GHSA-rrr2-jcr8-7q3x.json: value too long for type character varying(64)

Ошибка обработки файла GHSA-x46r-mf5g-xpr6.json: value too long for type character varying(64)

Ошибка обработки файла GHSA-9p23-p2m4-2r4m.json: value too long for type character varying(64)

Ошибка обработки файла GHSA-w87r-vg9q-crqm.json: value too long for type character varying(64)

Ошибка обработки файла GHSA-5r3p-6rj5-7937.json: value too long for type character varying(64)

Ошибка обработки файла GHSA-ccc3-fvfx-mw3v.json: value too long for type character varying(64)

Ошибка обработки файла GHSA-gxhx-2686-5h9g.json: value too long for type character varying(64)

Ошибка обработки файла GHSA-6c59-mwgh-r2x6.json: value too long for type character varying(64)

Ошибка обработки файла GHSA-vp96-hxj8-p424.json: value too long for type character varying(64)

Ошибка обработки файла GHSA-2vhw-q7vh-7xv2.json: value too long for type character varying(64)

Ошибка обработки файла GHSA-9g9j-rggx-7fmg.json: value too long for type character varying(64)

Ошибка обработки файла GHSA-4p64-v8f5-r2gx.json: value too long for type character varying(64)

Ошибка обработки файла GHSA-4f9r-x588-pp2h.json: value too long for type character varying(64)

Ошибка обработки файла GHSA-rrgf-hcr9-jq6h.json: value too long for type character varying(64)

Ошибка обработки файла GHSA-jj3x-wxrx-4x23.json: value too long for type character varying(64)

Ошибка обработки файла GHSA-fpg4-jhqr-589c.json: value too long for type character varying(64)

Ошибка обработки файла GHSA-7mw3-79jq-xc7f.json: value too long for type character varying(64)

Ошибка обработки файла GHSA-2vrm-gr82-f7m5.json: value too long for type character varying(64)

Ошибка обработки файла GHSA-r3xh-3r3w-47gp.json: value too long for type character varying(64)

Ошибка обработки файла GHSA-fj52-5g4h-gmq8.json: value too long for type character varying(64)

Ошибка обработки файла GHSA-22c2-9gwg-mj59.json: value too long for type character varying(64)

Ошибка обработки файла GHSA-cq8c-xv66-36gw.json: value too long for type character varying(64)

Ошибка обработки файла GHSA-77wq-646f-jrm2.json: value too long for type character varying(64)

Ошибка обработки файла GHSA-6fxp-p9mg-q64w.json: value too long for type character varying(64)

Ошибка обработки файла GHSA-fw7p-63qq-7hpr.json: value too long for type character varying(64)

Ошибка обработки файла GHSA-m2w3-8f23-hxxf.json: value too long for type character varying(64)

Ошибка обработки файла GHSA-qmjj-p7m9-wjrv.json: value too long for type character varying(64)

Ошибка обработки файла GHSA-mqqc-3gqh-h2x8.json: value too long for type character varying(64)

Ошибка обработки файла GHSA-9q5r-wfvf-rr7f.json: value too long for type character varying(64)

Ошибка обработки файла GHSA-v895-833r-8c45.json: value too long for type character varying(64)

Ошибка обработки файла GHSA-9m3x-qqw2-h32h.json: value too long for type character varying(64)

Ошибка обработки файла GHSA-9j4f-f249-q5w8.json: value too long for type character varying(64)

Ошибка обработки файла GHSA-73h3-mf4w-8647.json: value too long for type character varying(64)

Ошибка обработки файла GHSA-gcqf-pxgg-gw8q.json: value too long for type character varying(64)

Ошибка обработки файла GHSA-9726-w42j-3qjr.json: value too long for type character varying(64)

Ошибка обработки файла GHSA-62vx-hpcr-m9ch.json: value too long for type character varying(64)

Ошибка обработки файла GHSA-425g-fjhq-5h92.json: value too long for type character varying(64)

Ошибка обработки файла GHSA-5pwr-322w-8jr4.json: value too long for type character varying(64)

Ошибка обработки файла GHSA-pw95-88fg-3j6f.json: value too long for type character varying(64)

Ошибка обработки файла GHSA-j3w7-9qc3-g96p.json: value too long for type character varying(64)

Ошибка обработки файла GHSA-q4w9-x3rv-4c8j.json: value too long for type character varying(64)

Ошибка обработки файла GHSA-4vr7-g93g-cf6m.json: value too long for type character varying(64)

Ошибка обработки файла GHSA-wx3r-v6h7-frjp.json: value too long for type character varying(64)

Ошибка обработки файла GHSA-7wc2-qxgw-g8gg.json: value too long for type character varying(64)

Ошибка обработки файла GHSA-frh7-2f84-v9mw.json: value too long for type character varying(64)

Ошибка обработки файла GHSA-fccg-7w3p-w66f.json: value too long for type character varying(64)

Ошибка обработки файла GHSA-9gvj-pp9x-gcfr.json: value too long for type character varying(64)

Ошибка обработки файла GHSA-wq2g-r956-j8cc.json: value too long for type character varying(64)

Ошибка обработки файла GHSA-p9x3-w98f-7j3q.json: value too long for type character varying(64)

Ошибка обработки файла GHSA-fmhh-rw3h-785m.json: value too long for type character varying(64)

Ошибка обработки файла GHSA-3hmw-8mw3-rmpj.json: value too long for type character varying(64)

Ошибка обработки файла GHSA-hx2h-vjw2-8r54.json: value too long for type character varying(64)

Ошибка обработки файла GHSA-4vgf-2cm4-mp7c.json: value too long for type character varying(64)

Ошибка обработки файла GHSA-v2ch-c8v8-fgr7.json: value too long for type character varying(64)

Ошибка обработки файла GHSA-jqwg-75qf-vmf9.json: value too long for type character varying(64)

Ошибка обработки файла GHSA-m7j5-r2p5-c39r.json: value too long for type character varying(64)

Ошибка обработки файла GHSA-xw6r-chmh-vpmj.json: value too long for type character varying(64)

Ошибка обработки файла GHSA-r7v6-mfhq-g3m2.json: value too long for type character varying(64)

Ошибка обработки файла GHSA-2g4f-4pwh-qvx6.json: value too long for type character varying(64)

Ошибка обработки файла GHSA-8h88-gxp3-j7pg.json: value too long for type character varying(64)

Ошибка обработки файла GHSA-mq8m-42gh-wq7r.json: value too long for type character varying(64)

Ошибка обработки файла GHSA-r277-3xc5-c79v.json: value too long for type character varying(64)

Ошибка обработки файла GHSA-9r9m-ffp6-9x4v.json: value too long for type character varying(64)

Ошибка обработки файла GHSA-6f65-4fv2-wwch.json: value too long for type character varying(64)

Ошибка обработки файла GHSA-97vp-pwqj-46qc.json: value too long for type character varying(64)

Ошибка обработки файла GHSA-q5c6-h22r-qpwr.json: value too long for type character varying(64)

Ошибка обработки файла GHSA-3hj6-r5c9-q8f3.json: value too long for type character varying(64)

Ошибка обработки файла GO-2023-2156.json: value too long for type character varying(64)

Ошибка обработки файла GHSA-gc9r-867r-j85f.json: value too long for type character varying(64)

Ошибка обработки файла GHSA-wccx-j62j-r448.json: value too long for type character varying(64)

Ошибка обработки файла GHSA-3mpm-jx38-9m8w.json: value too long for type character varying(64)

Ошибка обработки файла GHSA-3vcg-j39x-cwfm.json: value too long for type character varying(64)

Ошибка обработки файла GHSA-46j8-vpx8-6p72.json: value too long for type character varying(64)

Ошибка обработки файла GHSA-622h-h2p8-743x.json: value too long for type character varying(64)

Ошибка обработки файла GHSA-879p-475x-rqh2.json: value too long for type character varying(64)

Ошибка обработки файла GHSA-qppm-g56g-fpvp.json: value too long for type character varying(64)

Ошибка обработки файла GHSA-6r2x-8pq8-9489.json: value too long for type character varying(64)

Ошибка обработки файла GHSA-qp4c-xg64-7c6x.json: value too long for type character varying(64)

[2026-05-18 12:19:32] Найдены новые файлы. Запуск парсера...
Ошибка обработки файла GHSA-785h-76cm-cpmf.json: value too long for type character varying(64)

Ошибка обработки файла GHSA-j26g-95ph-2mwv.json: value too long for type character varying(64)

Ошибка обработки файла GHSA-569q-mpph-wgww.json: value too long for type character varying(64)

Ошибка обработки файла GHSA-95fj-3w7g-4r27.json: value too long for type character varying(64)

Ошибка обработки файла GHSA-mpp2-x7wv-38hv.json: value too long for type character varying(64)

Ошибка обработки файла GHSA-46h3-79wf-xr6c.json: value too long for type character varying(64)

Ошибка обработки файла GHSA-3558-j79f-vvm6.json: value too long for type character varying(64)

Ошибка обработки файла GHSA-2c6j-vw6r-mfch.json: value too long for type character varying(64)

Ошибка обработки файла GHSA-qhr6-mgqr-mchm.json: value too long for type character varying(64)

Ошибка обработки файла GHSA-hq75-xg7r-rx6c.json: value too long for type character varying(64)

Ошибка обработки файла GHSA-m79r-r765-5f9j.json: value too long for type character varying(64)

Ошибка обработки файла GHSA-mpfm-fpgx-647q.json: value too long for type character varying(64)

Ошибка обработки файла GHSA-fh55-r93g-j68g.json: value too long for type character varying(64)

Ошибка обработки файла GHSA-hvc7-763r-4f3h.json: value too long for type character varying(64)

Ошибка обработки файла GHSA-vr75-hjh9-7fr6.json: value too long for type character varying(64)

Ошибка обработки файла GHSA-r7r6-cc7p-4v5m.json: value too long for type character varying(64)

Ошибка обработки файла GHSA-2rw7-x74f-jg35.json: value too long for type character varying(64)

Ошибка обработки файла GHSA-q475-2pgm-7hvp.json: value too long for type character varying(64)

Ошибка обработки файла GHSA-2xv9-ghh9-xc69.json: value too long for type character varying(64)

Ошибка обработки файла GHSA-mrq8-rjmw-wpq3.json: value too long for type character varying(64)

Ошибка обработки файла GHSA-8495-4g3g-x7pr.json: value too long for type character varying(64)

Ошибка обработки файла GHSA-rq9r-qvwg-829q.json: value too long for type character varying(64)

Ошибка обработки файла GHSA-pmjj-h5jm-vxh4.json: value too long for type character varying(64)

Ошибка обработки файла GHSA-rf6f-7fwh-wjgh.json: value too long for type character varying(64)

Ошибка обработки файла GHSA-g2f6-pwvx-r275.json: value too long for type character varying(64)

Ошибка обработки файла GO-2023-2113.json: value too long for type character varying(64)

Ошибка обработки файла GHSA-hg3j-6pmh-mvjr.json: value too long for type character varying(64)

Ошибка обработки файла GHSA-57r2-h2wj-g887.json: value too long for type character varying(64)

Ошибка обработки файла GHSA-vh4h-fvqf-q9wv.json: value too long for type character varying(64)

Ошибка обработки файла GHSA-4mhv-8rh3-4ghw.json: value too long for type character varying(64)

Ошибка обработки файла GHSA-vr63-x8vc-m265.json: value too long for type character varying(64)

Ошибка обработки файла GHSA-3mv9-4h5g-vhg3.json: value too long for type character varying(64)

Ошибка обработки файла GHSA-q82r-2j7m-9rv4.json: value too long for type character varying(64)

Ошибка обработки файла GHSA-9jfh-9xrq-4vwm.json: value too long for type character varying(64)

Ошибка обработки файла GHSA-9gjj-6gj7-c4wj.json: value too long for type character varying(64)

Ошибка обработки файла GHSA-6943-qr24-82vx.json: value too long for type character varying(64)

Ошибка обработки файла GHSA-mpmc-qchh-r9q8.json: value too long for type character varying(64)

Ошибка обработки файла GHSA-g2h5-cvvr-7gmw.json: value too long for type character varying(64)

Ошибка обработки файла GHSA-2wcm-vx67-3x4q.json: value too long for type character varying(64)

Ошибка обработки файла GHSA-832w-fhmw-w4f4.json: value too long for type character varying(64)

Ошибка обработки файла GHSA-2657-3c98-63jq.json: value too long for type character varying(64)

Ошибка обработки файла GHSA-v7c4-33vf-cqqq.json: value too long for type character varying(64)

Ошибка обработки файла GHSA-m929-rg27-gj99.json: value too long for type character varying(64)

Ошибка обработки файла GHSA-4rh7-jwg9-m28m.json: value too long for type character varying(64)

Ошибка обработки файла GHSA-cv54-7wv7-qxcw.json: value too long for type character varying(64)

Ошибка обработки файла GHSA-vqmv-47xg-9wpr.json: value too long for type character varying(64)

Ошибка обработки файла GHSA-q5qq-mvfm-j35x.json: value too long for type character varying(64)

Ошибка обработки файла GHSA-r2rv-8pp3-65xw.json: value too long for type character varying(64)

Ошибка обработки файла GHSA-mwm9-4648-f68q.json: value too long for type character varying(64)

Ошибка обработки файла GHSA-3jhf-gxhr-q4cx.json: value too long for type character varying(64)

Ошибка обработки файла GHSA-9rhg-254w-fh9x.json: value too long for type character varying(64)

Ошибка обработки файла GHSA-pc5g-j9j7-p4q3.json: value too long for type character varying(64)

Ошибка обработки файла GHSA-5hwf-rc88-82xm.json: value too long for type character varying(64)

Ошибка обработки файла GHSA-mf5g-6r6f-ghhm.json: value too long for type character varying(64)

Ошибка обработки файла GHSA-j424-mc44-f4hj.json: value too long for type character varying(64)

Ошибка обработки файла GHSA-wgc6-9f6w-h8hx.json: value too long for type character varying(64)

Ошибка обработки файла GHSA-7899-w6c4-vqc4.json: value too long for type character varying(64)

Ошибка обработки файла GHSA-w8rr-5gcm-pp58.json: value too long for type character varying(64)

Ошибка обработки файла GHSA-w6rp-vxj2-fjhr.json: value too long for type character varying(64)

Ошибка обработки файла GHSA-87mj-5ggw-8qc3.json: value too long for type character varying(64)

Ошибка обработки файла GHSA-pjr6-jx7r-j4r6.json: value too long for type character varying(64)

Ошибка обработки файла GHSA-5jvp-m9h4-253h.json: value too long for type character varying(64)

Ошибка обработки файла GHSA-rg7c-g689-fr3x.json: value too long for type character varying(64)

Ошибка обработки файла GHSA-54jq-c3m8-4m76.json: value too long for type character varying(64)

Ошибка обработки файла GHSA-59g6-v3vg-f7wc.json: value too long for type character varying(64)

Ошибка обработки файла GHSA-pfrv-63w8-q7rq.json: value too long for type character varying(64)

Ошибка обработки файла GHSA-5gjc-grvm-m88j.json: value too long for type character varying(64)

Ошибка обработки файла GHSA-pxx3-g568-hxr4.json: value too long for type character varying(64)

Ошибка обработки файла GHSA-7rhv-xm4q-wh42.json: value too long for type character varying(64)

Ошибка обработки файла GHSA-2phg-qgmm-r638.json: value too long for type character varying(64)

Ошибка обработки файла GHSA-j842-xgm4-wf88.json: value too long for type character varying(64)

Ошибка обработки файла GHSA-gj54-gwj9-x2c6.json: value too long for type character varying(64)

Ошибка обработки файла GHSA-92j7-wgmg-f32m.json: value too long for type character varying(64)

Ошибка обработки файла GHSA-7xwp-2cpp-p8r7.json: value too long for type character varying(64)

Ошибка обработки файла GHSA-66pp-5p9w-q87j.json: value too long for type character varying(64)

Ошибка обработки файла GHSA-79qw-g77v-2vfh.json: value too long for type character varying(64)

Ошибка обработки файла GHSA-6556-fwc2-fg2p.json: value too long for type character varying(64)

Ошибка обработки файла GHSA-5jpx-9hw9-2fx4.json: value too long for type character varying(64)

Ошибка обработки файла GHSA-xh9h-692f-mmg4.json: value too long for type character varying(64)

Ошибка обработки файла GHSA-c37v-3c8w-crq8.json: value too long for type character varying(64)

Ошибка обработки файла GHSA-rfxf-mf63-cpqv.json: value too long for type character varying(64)

Ошибка обработки файла GHSA-xcxh-6cv4-q8p8.json: value too long for type character varying(64)

Ошибка обработки файла GHSA-gmfg-3v4q-9qr4.json: value too long for type character varying(64)

Ошибка обработки файла GHSA-9mrq-cjgh-32g2.json: value too long for type character varying(64)

Ошибка обработки файла GO-2023-2331.json: value too long for type character varying(64)

Ошибка обработки файла GHSA-9f8m-9547-2gqm.json: value too long for type character varying(64)

Ошибка обработки файла GHSA-565g-hwwr-4pp3.json: value too long for type character varying(64)

Ошибка обработки файла GHSA-v8vw-gw5j-w7m6.json: value too long for type character varying(64)

Ошибка обработки файла GHSA-c87c-78rc-vmv2.json: value too long for type character varying(64)

Ошибка обработки файла GHSA-g2rq-jv54-wcpr.json: value too long for type character varying(64)

Ошибка обработки файла GHSA-28xx-pppm-vqff.json: value too long for type character varying(64)

Ошибка обработки файла GHSA-5rjg-fvgr-3xxf.json: value too long for type character varying(64)

Ошибка обработки файла GHSA-64x7-m7rh-9m83.json: value too long for type character varying(64)

Ошибка обработки файла GHSA-2qgr-gfvj-qpcr.json: value too long for type character varying(64)

Ошибка обработки файла GHSA-hq76-6gh2-5g4q.json: value too long for type character varying(64)

Ошибка обработки файла GHSA-3jqf-v4mv-747g.json: value too long for type character varying(64)

Ошибка обработки файла GHSA-6jhg-hg63-jvvf.json: value too long for type character varying(64)

Ошибка обработки файла GHSA-5hvc-6wx8-mvv4.json: value too long for type character varying(64)

Ошибка обработки файла GHSA-jjwv-57xh-xr6r.json: value too long for type character varying(64)

Ошибка обработки файла GHSA-rrf6-pxg8-684g.json: value too long for type character varying(64)

Ошибка обработки файла GHSA-73rr-hh4g-fpgx.json: value too long for type character varying(64)

Ошибка обработки файла GHSA-5mq8-78gm-pjmq.json: value too long for type character varying(64)

Ошибка обработки файла GHSA-h4rm-mm56-xf63.json: value too long for type character varying(64)

Ошибка обработки файла GHSA-7q64-3rg2-h9pf.json: value too long for type character varying(64)

Ошибка обработки файла GHSA-56r6-ccm5-8hg3.json: value too long for type character varying(64)

Ошибка обработки файла GHSA-36hm-qxxp-pg3m.json: value too long for type character varying(64)

Ошибка обработки файла GHSA-3phv-83cj-p8p7.json: value too long for type character varying(64)

Ошибка обработки файла GHSA-hjwq-mjwj-4x6c.json: value too long for type character varying(64)

Ошибка обработки файла GHSA-w832-gg5g-x44m.json: value too long for type character varying(64)

Ошибка обработки файла GHSA-37j7-fg3j-429f.json: value too long for type character varying(64)

Ошибка обработки файла GHSA-vfgx-5q85-58q3.json: value too long for type character varying(64)

Ошибка обработки файла GHSA-q9vp-3wcg-8p4x.json: value too long for type character varying(64)

Ошибка обработки файла GHSA-5r5m-65gx-7vrh.json: value too long for type character varying(64)

Ошибка обработки файла GHSA-hqf9-8xv5-x8xw.json: value too long for type character varying(64)

Ошибка обработки файла GHSA-33r8-vrx9-rmcv.json: value too long for type character varying(64)

Ошибка обработки файла GHSA-2689-cw26-6cpj.json: value too long for type character varying(64)

Ошибка обработки файла GHSA-7mc2-6phr-23xc.json: value too long for type character varying(64)

Ошибка обработки файла GHSA-m449-cwjh-6pw7.json: value too long for type character varying(64)

Ошибка обработки файла GHSA-2r8f-cf6w-x5vq.json: value too long for type character varying(64)

Ошибка обработки файла GHSA-vrch-868g-9jx5.json: value too long for type character varying(64)

Ошибка обработки файла GHSA-rq77-p4h8-4crw.json: value too long for type character varying(64)

Ошибка обработки файла GHSA-q26p-9cq4-7fc2.json: value too long for type character varying(64)

Ошибка обработки файла GHSA-6gf2-ffq8-gcww.json: value too long for type character varying(64)

Ошибка обработки файла GHSA-529f-9qwm-9628.json: value too long for type character varying(64)

Ошибка обработки файла GHSA-7cp4-jw97-3rc2.json: value too long for type character varying(64)

Ошибка обработки файла GHSA-cg4x-64p3-x59h.json: value too long for type character varying(64)

Ошибка обработки файла GHSA-pwq7-2gvj-vg9v.json: value too long for type character varying(64)

Ошибка обработки файла GHSA-q9hv-hpm4-hj6x.json: value too long for type character varying(64)

Ошибка обработки файла GHSA-p8pf-44ff-93gf.json: value too long for type character varying(64)

Ошибка обработки файла GHSA-pjv4-3c63-699f.json: value too long for type character varying(64)

Ошибка обработки файла GHSA-cjgq-5qmw-rcj6.json: value too long for type character varying(64)

Ошибка обработки файла GHSA-hcr5-wv4p-h2g2.json: value too long for type character varying(64)

Ошибка обработки файла GO-2025-3463.json: value too long for type character varying(64)

Ошибка обработки файла GHSA-hjph-f4mc-wx4c.json: value too long for type character varying(64)

Ошибка обработки файла GHSA-687h-xw6f-q2qw.json: value too long for type character varying(64)

Ошибка обработки файла GHSA-4xrr-hq4w-6vf4.json: value too long for type character varying(64)

Ошибка обработки файла GHSA-vrhm-gvg7-fpcf.json: value too long for type character varying(64)

Ошибка обработки файла GHSA-2ccx-cjjh-r2j8.json: value too long for type character varying(64)

Ошибка обработки файла GHSA-7hfw-26vp-jp8m.json: value too long for type character varying(64)

Ошибка обработки файла GHSA-rfq8-j7rh-8hf2.json: value too long for type character varying(64)

Ошибка обработки файла GHSA-rv73-9c8w-jp4c.json: value too long for type character varying(64)

Ошибка обработки файла GHSA-m2h6-4xpq-qw3m.json: value too long for type character varying(64)

Ошибка обработки файла GHSA-c6rr-7pmc-73wc.json: value too long for type character varying(64)

Ошибка обработки файла GHSA-9m7r-g8hg-x3vr.json: value too long for type character varying(64)

Ошибка обработки файла GHSA-84hm-wfh8-c5pg.json: value too long for type character varying(64)

Ошибка обработки файла GHSA-69f9-5gxw-wvc2.json: value too long for type character varying(64)

Ошибка обработки файла GHSA-4675-36f9-wf6r.json: value too long for type character varying(64)

Ошибка обработки файла GHSA-frv8-gffc-37px.json: value too long for type character varying(64)

Ошибка обработки файла GHSA-qh3j-mrg8-f234.json: value too long for type character varying(64)

Ошибка обработки файла GHSA-x4vh-j75g-268g.json: value too long for type character varying(64)

Ошибка обработки файла GHSA-223j-4rm8-mrmf.json: value too long for type character varying(64)

Ошибка обработки файла GHSA-jxmr-2h4q-rhxp.json: value too long for type character varying(64)

Ошибка обработки файла GHSA-hhfg-fwrw-87w7.json: value too long for type character varying(64)

Ошибка обработки файла GHSA-x843-g5mx-g377.json: value too long for type character varying(64)

Ошибка обработки файла GHSA-2fh4-gpch-vqv4.json: value too long for type character varying(64)

Ошибка обработки файла GHSA-45rp-9p97-h852.json: value too long for type character varying(64)

Ошибка обработки файла GHSA-5vhg-9xg4-cv9m.json: value too long for type character varying(64)

Ошибка обработки файла GHSA-f238-rggp-82m3.json: value too long for type character varying(64)

Ошибка обработки файла GHSA-86x4-wp9f-wrr9.json: value too long for type character varying(64)

Ошибка обработки файла GHSA-34q3-8x9v-j957.json: value too long for type character varying(64)

Ошибка обработки файла GHSA-6fmw-82m7-jq6p.json: value too long for type character varying(64)

Ошибка обработки файла GHSA-6phg-4wmq-h5h3.json: value too long for type character varying(64)

Ошибка обработки файла GHSA-x597-9fr4-5857.json: value too long for type character varying(64)

Ошибка обработки файла GHSA-53mq-f4w3-f7qv.json: value too long for type character varying(64)

Ошибка обработки файла GHSA-xqrq-4mgf-ff32.json: value too long for type character varying(64)

Ошибка обработки файла GHSA-jfx9-29x2-rv3j.json: value too long for type character varying(64)

Ошибка обработки файла GHSA-c2fc-9q9c-5486.json: value too long for type character varying(64)

Ошибка обработки файла GHSA-pchf-49fh-w34r.json: value too long for type character varying(64)

Ошибка обработки файла GHSA-79hx-3fp8-hj66.json: value too long for type character varying(64)

Ошибка обработки файла GHSA-527x-5wrf-22m2.json: value too long for type character varying(64)

Ошибка обработки файла GHSA-g84x-mcqj-x9qq.json: value too long for type character varying(64)

Ошибка обработки файла GHSA-pw25-c82r-75mm.json: value too long for type character varying(64)

Ошибка обработки файла GHSA-4pfg-2mw5-f8jx.json: value too long for type character varying(64)

Ошибка обработки файла GHSA-pp3g-xmm4-5cw9.json: value too long for type character varying(64)

Ошибка обработки файла GHSA-4jf8-g8wp-cx7c.json: value too long for type character varying(64)

Ошибка обработки файла GHSA-wfm2-rq5g-f8v5.json: value too long for type character varying(64)

Ошибка обработки файла GHSA-j48q-4c78-rhf9.json: value too long for type character varying(64)

Ошибка обработки файла GHSA-jr5f-v2jv-69x6.json: value too long for type character varying(64)

Ошибка обработки файла GHSA-955r-x9j8-7rhh.json: value too long for type character varying(64)

Ошибка обработки файла GHSA-hx9q-6w63-j58v.json: value too long for type character varying(64)

Ошибка обработки файла GHSA-387m-j3p9-3php.json: value too long for type character varying(64)

Ошибка обработки файла GHSA-6p68-w45g-48j7.json: value too long for type character varying(64)

Ошибка обработки файла GHSA-j6g5-p62x-58hw.json: value too long for type character varying(64)

Ошибка обработки файла GHSA-w6mr-mj53-x258.json: value too long for type character varying(64)

Ошибка обработки файла GHSA-6h8w-hrfp-pffx.json: value too long for type character varying(64)

Ошибка обработки файла GHSA-rrxm-2pvv-m66x.json: value too long for type character varying(64)

Ошибка обработки файла GHSA-p258-xmh3-72pv.json: value too long for type character varying(64)

Ошибка обработки файла GHSA-j4gv-6x9v-v23g.json: value too long for type character varying(64)

Ошибка обработки файла GHSA-c5cp-vx83-jhqx.json: value too long for type character varying(64)

Ошибка обработки файла GHSA-2977-5php-6789.json: value too long for type character varying(64)

Ошибка обработки файла GHSA-gvg8-93h5-g6qq.json: value too long for type character varying(64)

Ошибка обработки файла GHSA-9x9c-ghc5-jhw9.json: value too long for type character varying(64)

Ошибка обработки файла GHSA-mcrw-746g-9q8h.json: value too long for type character varying(64)

Ошибка обработки файла GHSA-v2mw-5mch-w8c5.json: value too long for type character varying(64)

Ошибка обработки файла GO-2024-3066.json: value too long for type character varying(64)

Ошибка обработки файла GO-2024-2750.json: value too long for type character varying(64)

Ошибка обработки файла GHSA-p998-jp59-783m.json: value too long for type character varying(64)

Ошибка обработки файла GHSA-r6h4-mm7h-8pmq.json: value too long for type character varying(64)

Ошибка обработки файла GHSA-585v-hcgf-jhfr.json: value too long for type character varying(64)

Ошибка обработки файла GHSA-w6vg-jg77-2qg6.json: value too long for type character varying(64)

Ошибка обработки файла GHSA-mq84-hjqx-cwf2.json: value too long for type character varying(64)

Ошибка обработки файла GHSA-5fvm-p68v-5wmh.json: value too long for type character varying(64)

Ошибка обработки файла GHSA-qv8j-hgpc-vrq8.json: value too long for type character varying(64)

Ошибка обработки файла GHSA-hqrf-67pm-wgfq.json: value too long for type character varying(64)

Ошибка обработки файла GHSA-hf6h-9wq7-hmjg.json: value too long for type character varying(64)

Ошибка обработки файла GHSA-fj3w-jwp8-x2g3.json: value too long for type character varying(64)

Ошибка обработки файла GHSA-89vc-vf32-ch59.json: value too long for type character varying(64)

Ошибка обработки файла GHSA-g7pc-pc7g-h8jh.json: value too long for type character varying(64)

Ошибка обработки файла GHSA-mwh4-6h8g-pg8w.json: value too long for type character varying(64)

Ошибка обработки файла GHSA-rjv5-9px2-fqw6.json: value too long for type character varying(64)

Ошибка обработки файла GHSA-p523-jq9w-64x9.json: value too long for type character varying(64)

Ошибка обработки файла GHSA-9548-qrrj-x5pj.json: value too long for type character varying(64)

Ошибка обработки файла GHSA-q8jq-4rm5-4hm5.json: value too long for type character varying(64)

Ошибка обработки файла GHSA-2mcm-79hx-8fxw.json: value too long for type character varying(64)

Ошибка обработки файла GHSA-pj86-cfqh-vqx6.json: value too long for type character varying(64)

Ошибка обработки файла GHSA-5wmg-9cvh-qw25.json: value too long for type character varying(64)

Ошибка обработки файла GHSA-wg47-6jq2-q2hh.json: value too long for type character varying(64)

Ошибка обработки файла GHSA-36rg-gfq2-3h56.json: value too long for type character varying(64)

Ошибка обработки файла GHSA-hjr9-wj7v-7hv8.json: value too long for type character varying(64)

Ошибка обработки файла GHSA-49pv-gwxp-532r.json: value too long for type character varying(64)

Ошибка обработки файла GHSA-vh9x-phq6-fx54.json: value too long for type character varying(64)

Ошибка обработки файла GHSA-v342-4xr9-x3q3.json: value too long for type character varying(64)

Ошибка обработки файла GHSA-ffrw-9mx8-89p8.json: value too long for type character varying(64)

Ошибка обработки файла GHSA-mxhj-88fx-4pcv.json: value too long for type character varying(64)

Ошибка обработки файла GHSA-3gxm-wfjx-m847.json: value too long for type character varying(64)

Ошибка обработки файла GHSA-4xc4-762w-m6cg.json: value too long for type character varying(64)

Ошибка обработки файла GHSA-rvjx-cfjh-5mc9.json: value too long for type character varying(64)

Ошибка обработки файла GHSA-q9rr-h3hx-m87g.json: value too long for type character varying(64)

Ошибка обработки файла GHSA-25g8-2mcf-fcx9.json: value too long for type character varying(64)

Ошибка обработки файла GHSA-gxp8-m5rq-3m38.json: value too long for type character varying(64)

Ошибка обработки файла GHSA-qc2h-74x3-4v3w.json: value too long for type character varying(64)

Ошибка обработки файла GHSA-r2h2-g46h-8mx8.json: value too long for type character varying(64)

Ошибка обработки файла GHSA-j9wj-m24m-7jj6.json: value too long for type character varying(64)

Ошибка обработки файла GHSA-x76f-jf84-rqj8.json: value too long for type character varying(64)

Ошибка обработки файла GHSA-33hq-fvwr-56pm.json: value too long for type character varying(64)

Ошибка обработки файла GHSA-hhh5-2cvx-vmfp.json: value too long for type character varying(64)

Ошибка обработки файла GHSA-459x-q9hg-4gpq.json: value too long for type character varying(64)

Ошибка обработки файла GHSA-h3m5-p59h-x88p.json: value too long for type character varying(64)

Ошибка обработки файла GHSA-6fgm-x6ff-w78f.json: value too long for type character varying(64)

Ошибка обработки файла GHSA-59qh-fmm7-3g9q.json: value too long for type character varying(64)

Ошибка обработки файла GHSA-9m49-p2j3-c6xm.json: value too long for type character varying(64)

Ошибка обработки файла GHSA-g966-83w7-6w38.json: value too long for type character varying(64)

Ошибка обработки файла GHSA-2v35-wj4r-rcmv.json: value too long for type character varying(64)

Ошибка обработки файла GHSA-ppwq-6v66-5m6j.json: value too long for type character varying(64)

Ошибка обработки файла GHSA-hpqf-m68j-2pfx.json: value too long for type character varying(64)

Ошибка обработки файла GHSA-vm2f-46xc-5jc3.json: value too long for type character varying(64)

Ошибка обработки файла GHSA-cr7h-93fh-whwm.json: value too long for type character varying(64)

Ошибка обработки файла GHSA-7xqm-7738-642x.json: value too long for type character varying(64)

Ошибка обработки файла GHSA-6jx8-rcjx-vmwf.json: value too long for type character varying(64)

Ошибка обработки файла GHSA-vhvq-fv9f-wh4q.json: value too long for type character varying(64)

Ошибка обработки файла GHSA-m273-6v24-x4m4.json: value too long for type character varying(64)

Ошибка обработки файла GHSA-w254-4hp5-7cvv.json: value too long for type character varying(64)

Ошибка обработки файла GHSA-mwv9-gp5h-frr4.json: value too long for type character varying(64)

Ошибка обработки файла GHSA-p34h-wq7j-h5v6.json: value too long for type character varying(64)

Ошибка обработки файла GHSA-jmr4-p576-v565.json: value too long for type character varying(64)

Ошибка обработки файла GHSA-g5mq-prx7-c588.json: value too long for type character varying(64)

Ошибка обработки файла GHSA-6jp5-hh4c-8c5h.json: value too long for type character varying(64)

Ошибка обработки файла GHSA-f786-75f3-74xj.json: value too long for type character varying(64)

Ошибка обработки файла GHSA-wfq2-52f7-7qvj.json: value too long for type character varying(64)

Ошибка обработки файла GHSA-793v-589g-574v.json: value too long for type character varying(64)

Ошибка обработки файла GHSA-526j-mv3p-f4vv.json: value too long for type character varying(64)

Ошибка обработки файла GHSA-vp6v-whfm-rv3g.json: value too long for type character varying(64)

Ошибка обработки файла GHSA-3wq7-rqq7-wx6j.json: value too long for type character varying(64)

Ошибка обработки файла GHSA-286p-vc9p-p5qv.json: value too long for type character varying(64)

Ошибка обработки файла GHSA-7jrq-q4pq-rhm6.json: value too long for type character varying(64)

Ошибка обработки файла GHSA-w62p-hx95-gf2c.json: value too long for type character varying(64)

Ошибка обработки файла GHSA-v3c9-j6h9-66v4.json: value too long for type character varying(64)

Ошибка обработки файла GHSA-pwh4-6r3m-j2rf.json: value too long for type character varying(64)

Ошибка обработки файла GHSA-8pgv-569h-w5rw.json: value too long for type character varying(64)

Ошибка обработки файла GHSA-hx52-cv84-jr5v.json: value too long for type character varying(64)

Ошибка обработки файла GHSA-799q-f2px-wx8c.json: value too long for type character varying(64)

Ошибка обработки файла GHSA-84r2-jw7c-4r5q.json: value too long for type character varying(64)

Ошибка обработки файла GHSA-pw67-xjhq-389w.json: value too long for type character varying(64)

Ошибка обработки файла GHSA-m3mq-f375-5vgh.json: value too long for type character varying(64)

Ошибка обработки файла GHSA-4v9x-cqc5-j645.json: value too long for type character varying(64)

Ошибка обработки файла GHSA-cm76-qm8v-3j95.json: value too long for type character varying(64)

Ошибка обработки файла GHSA-x7hp-r3qg-r3cj.json: value too long for type character varying(64)

Ошибка обработки файла GHSA-m4h2-mjfm-mp55.json: value too long for type character varying(64)

Ошибка обработки файла GHSA-255v-qv84-29p5.json: value too long for type character varying(64)

Ошибка обработки файла GHSA-hg3g-gphw-5hhm.json: value too long for type character varying(64)

Ошибка обработки файла GHSA-r584-6283-p7xc.json: value too long for type character varying(64)

Ошибка обработки файла GHSA-g22f-v6f7-2hrh.json: value too long for type character varying(64)

Ошибка обработки файла GHSA-5wgp-vjxm-3x2r.json: value too long for type character varying(64)

Ошибка обработки файла GHSA-rvqx-wpfh-mfx7.json: value too long for type character varying(64)

Ошибка обработки файла GHSA-6wxf-7784-62fp.json: value too long for type character varying(64)

Ошибка обработки файла GHSA-wh6m-h6f4-rjf4.json: value too long for type character varying(64)

Ошибка обработки файла GHSA-wx6g-fm6f-w822.json: value too long for type character varying(64)

Ошибка обработки файла GHSA-j8hf-cp34-g4j7.json: value too long for type character varying(64)

Ошибка обработки файла GHSA-rm59-992w-x2mv.json: value too long for type character varying(64)

Ошибка обработки файла GHSA-pfr4-4397-3hg8.json: value too long for type character varying(64)

Ошибка обработки файла GHSA-cxfp-7pvr-95ff.json: value too long for type character varying(64)

Ошибка обработки файла GHSA-wh2j-26j7-9728.json: value too long for type character varying(64)

Ошибка обработки файла GHSA-hffm-g8v7-wrv7.json: value too long for type character varying(64)

Ошибка обработки файла GHSA-p22h-3m2v-cmgh.json: value too long for type character varying(64)

Ошибка обработки файла GHSA-2j4c-9qqq-896r.json: value too long for type character varying(64)

Ошибка обработки файла GHSA-69jq-qr7w-j7qh.json: value too long for type character varying(64)

Ошибка обработки файла GHSA-p2gr-hm8g-q772.json: value too long for type character varying(64)

Ошибка обработки файла GHSA-mw96-cpmx-2vgc.json: value too long for type character varying(64)

Ошибка обработки файла GHSA-r6ph-v2qm-q3c2.json: value too long for type character varying(64)

Ошибка обработки файла GHSA-33mw-q7rj-mjwj.json: value too long for type character varying(64)

Ошибка обработки файла GHSA-49xw-vfc4-7p43.json: value too long for type character varying(64)

Ошибка обработки файла GHSA-7g56-fwxj-cm23.json: value too long for type character varying(64)

Ошибка обработки файла GHSA-5r3v-vc8m-m96g.json: value too long for type character varying(64)

Ошибка обработки файла GHSA-p2ph-7g93-hw3m.json: value too long for type character varying(64)

Ошибка обработки файла GHSA-f7f6-9jq7-3rqj.json: value too long for type character varying(64)

Ошибка обработки файла GHSA-r54c-2xmf-2cf3.json: value too long for type character varying(64)

Ошибка обработки файла GHSA-v2qh-f584-6hj8.json: value too long for type character varying(64)

Ошибка обработки файла GHSA-wrrr-8jcv-wjf5.json: value too long for type character varying(64)

Ошибка обработки файла GHSA-r3jv-xfgx-gj24.json: value too long for type character varying(64)

Ошибка обработки файла GHSA-7c78-rm87-5673.json: value too long for type character varying(64)

Ошибка обработки файла GHSA-3329-ghmp-jmv5.json: value too long for type character varying(64)

Ошибка обработки файла GHSA-r8g5-cgf2-4m4m.json: value too long for type character varying(64)

Ошибка обработки файла GHSA-qrv3-jc3h-f3m6.json: value too long for type character varying(64)

Ошибка обработки файла GHSA-68qg-g787-3rp5.json: value too long for type character varying(64)

Ошибка обработки файла GHSA-4f6g-68pf-7vhv.json: value too long for type character varying(64)

Ошибка обработки файла GHSA-r5m2-fqcf-qrf7.json: value too long for type character varying(64)

Ошибка обработки файла GHSA-mm7p-fcc7-pg87.json: value too long for type character varying(64)

Ошибка обработки файла GHSA-8wpr-639p-ccrj.json: value too long for type character varying(64)

Ошибка обработки файла GHSA-xfqm-j7pc-xrfc.json: value too long for type character varying(64)

Ошибка обработки файла GHSA-29qp-crvh-w22m.json: value too long for type character varying(64)

Ошибка обработки файла GHSA-8vq4-8hfp-29xh.json: value too long for type character varying(64)

Ошибка обработки файла GHSA-5v8v-66v8-mwm7.json: value too long for type character varying(64)

Ошибка обработки файла GHSA-wjpc-4f29-83h3.json: value too long for type character varying(64)

Ошибка обработки файла GHSA-rcjv-mgp8-qvmr.json: value too long for type character varying(64)

Ошибка обработки файла GHSA-4x49-vf9v-38px.json: value too long for type character varying(64)

Ошибка обработки файла GHSA-2p96-p7qh-4rgr.json: value too long for type character varying(64)

Ошибка обработки файла GHSA-gr7w-hmch-25g7.json: value too long for type character varying(64)

Ошибка обработки файла GHSA-3x5x-fw77-g54c.json: value too long for type character varying(64)

Ошибка обработки файла GHSA-c65f-x25w-62jv.json: value too long for type character varying(64)

Ошибка обработки файла GHSA-33f4-mjch-7fpr.json: value too long for type character varying(64)

Ошибка обработки файла GHSA-4rrr-2h4v-f3j9.json: value too long for type character varying(64)

Ошибка обработки файла GHSA-8q6v-474h-whgg.json: value too long for type character varying(64)

Ошибка обработки файла GHSA-wcj4-jw5j-44wh.json: value too long for type character varying(64)

Ошибка обработки файла GHSA-5q2p-3jg8-2m98.json: value too long for type character varying(64)

Ошибка обработки файла GHSA-mq77-rv97-285m.json: value too long for type character varying(64)

Ошибка обработки файла GHSA-qrmh-qg46-72pp.json: value too long for type character varying(64)

Ошибка обработки файла GHSA-2m9h-r57g-45pj.json: value too long for type character varying(64)

Ошибка обработки файла GHSA-g4w6-c99w-4wh7.json: value too long for type character varying(64)

Ошибка обработки файла GHSA-6f6w-6j58-rq76.json: value too long for type character varying(64)

Ошибка обработки файла GHSA-24p2-j2jr-386w.json: value too long for type character varying(64)

Ошибка обработки файла GHSA-hw34-rqc5-h2gm.json: value too long for type character varying(64)

Ошибка обработки файла GHSA-4h4x-4m75-47j4.json: value too long for type character varying(64)

Ошибка обработки файла GHSA-rx8g-88g5-qh64.json: value too long for type character varying(64)

Ошибка обработки файла GHSA-pm7q-rjjx-979p.json: value too long for type character varying(64)

Ошибка обработки файла GHSA-45rp-q25w-4426.json: value too long for type character varying(64)

Ошибка обработки файла GHSA-5m5x-9j46-h678.json: value too long for type character varying(64)

Ошибка обработки файла GHSA-hhf6-3xpg-pggx.json: value too long for type character varying(64)

Ошибка обработки файла GHSA-8v65-5fw5-23wj.json: value too long for type character varying(64)

Ошибка обработки файла GHSA-7qw8-3vmf-gj32.json: value too long for type character varying(64)

Ошибка обработки файла GHSA-6933-jpx5-q87q.json: value too long for type character varying(64)

Ошибка обработки файла GHSA-8425-8r2f-mrv6.json: value too long for type character varying(64)

Ошибка обработки файла GHSA-p4f6-h8jj-vfvf.json: value too long for type character varying(64)

Ошибка обработки файла GHSA-hfcf-79gh-f3jc.json: value too long for type character varying(64)

Ошибка обработки файла GHSA-pjwm-cr36-mwv3.json: value too long for type character varying(64)

Ошибка обработки файла GHSA-8r88-6cj9-9fh5.json: value too long for type character varying(64)

Ошибка обработки файла GO-2024-3102.json: value too long for type character varying(64)

Ошибка обработки файла GHSA-prf6-xjxh-p698.json: value too long for type character varying(64)

Ошибка обработки файла GHSA-82ff-hg59-8x73.json: value too long for type character varying(64)

Ошибка обработки файла GHSA-98x5-jw98-6c97.json: value too long for type character varying(64)

Ошибка обработки файла GHSA-w8v5-vhqr-4h9v.json: value too long for type character varying(64)

Ошибка обработки файла GHSA-3p6v-hrg8-8qj7.json: value too long for type character varying(64)

Ошибка обработки файла GHSA-528q-4pgm-wvg2.json: value too long for type character varying(64)

Ошибка обработки файла GHSA-r8c2-2qwq-94p6.json: value too long for type character varying(64)

Ошибка обработки файла GHSA-hcc4-c3v8-rx92.json: value too long for type character varying(64)

Ошибка обработки файла GHSA-vp8w-wj4m-3r7j.json: value too long for type character varying(64)

Ошибка обработки файла GHSA-rrr2-jcr8-7q3x.json: value too long for type character varying(64)

Ошибка обработки файла GHSA-x46r-mf5g-xpr6.json: value too long for type character varying(64)

Ошибка обработки файла GHSA-9p23-p2m4-2r4m.json: value too long for type character varying(64)

Ошибка обработки файла GHSA-w87r-vg9q-crqm.json: value too long for type character varying(64)

Ошибка обработки файла GHSA-5r3p-6rj5-7937.json: value too long for type character varying(64)

Ошибка обработки файла GHSA-ccc3-fvfx-mw3v.json: value too long for type character varying(64)

Ошибка обработки файла GHSA-gxhx-2686-5h9g.json: value too long for type character varying(64)

Ошибка обработки файла GHSA-6c59-mwgh-r2x6.json: value too long for type character varying(64)

Ошибка обработки файла GHSA-vp96-hxj8-p424.json: value too long for type character varying(64)

Ошибка обработки файла GHSA-2vhw-q7vh-7xv2.json: value too long for type character varying(64)

Ошибка обработки файла GHSA-9g9j-rggx-7fmg.json: value too long for type character varying(64)

Ошибка обработки файла GHSA-4p64-v8f5-r2gx.json: value too long for type character varying(64)

Ошибка обработки файла GHSA-4f9r-x588-pp2h.json: value too long for type character varying(64)

Ошибка обработки файла GHSA-rrgf-hcr9-jq6h.json: value too long for type character varying(64)

Ошибка обработки файла GHSA-jj3x-wxrx-4x23.json: value too long for type character varying(64)

Ошибка обработки файла GHSA-fpg4-jhqr-589c.json: value too long for type character varying(64)

Ошибка обработки файла GHSA-7mw3-79jq-xc7f.json: value too long for type character varying(64)

Ошибка обработки файла GHSA-2vrm-gr82-f7m5.json: value too long for type character varying(64)

Ошибка обработки файла GHSA-r3xh-3r3w-47gp.json: value too long for type character varying(64)

Ошибка обработки файла GHSA-fj52-5g4h-gmq8.json: value too long for type character varying(64)

Ошибка обработки файла GHSA-22c2-9gwg-mj59.json: value too long for type character varying(64)

Ошибка обработки файла GHSA-cq8c-xv66-36gw.json: value too long for type character varying(64)

Ошибка обработки файла GHSA-77wq-646f-jrm2.json: value too long for type character varying(64)

Ошибка обработки файла GHSA-6fxp-p9mg-q64w.json: value too long for type character varying(64)

Ошибка обработки файла GHSA-fw7p-63qq-7hpr.json: value too long for type character varying(64)

Ошибка обработки файла GHSA-m2w3-8f23-hxxf.json: value too long for type character varying(64)

Ошибка обработки файла GHSA-qmjj-p7m9-wjrv.json: value too long for type character varying(64)

Ошибка обработки файла GHSA-mqqc-3gqh-h2x8.json: value too long for type character varying(64)

Ошибка обработки файла GHSA-9q5r-wfvf-rr7f.json: value too long for type character varying(64)

Ошибка обработки файла GHSA-v895-833r-8c45.json: value too long for type character varying(64)

Ошибка обработки файла GHSA-9m3x-qqw2-h32h.json: value too long for type character varying(64)

Ошибка обработки файла GHSA-9j4f-f249-q5w8.json: value too long for type character varying(64)

Ошибка обработки файла GHSA-73h3-mf4w-8647.json: value too long for type character varying(64)

Ошибка обработки файла GHSA-gcqf-pxgg-gw8q.json: value too long for type character varying(64)

Ошибка обработки файла GHSA-9726-w42j-3qjr.json: value too long for type character varying(64)

Ошибка обработки файла GHSA-62vx-hpcr-m9ch.json: value too long for type character varying(64)

Ошибка обработки файла GHSA-425g-fjhq-5h92.json: value too long for type character varying(64)

Ошибка обработки файла GHSA-5pwr-322w-8jr4.json: value too long for type character varying(64)

Ошибка обработки файла GHSA-pw95-88fg-3j6f.json: value too long for type character varying(64)

Ошибка обработки файла GHSA-j3w7-9qc3-g96p.json: value too long for type character varying(64)

Ошибка обработки файла GHSA-q4w9-x3rv-4c8j.json: value too long for type character varying(64)

Ошибка обработки файла GHSA-4vr7-g93g-cf6m.json: value too long for type character varying(64)

Ошибка обработки файла GHSA-wx3r-v6h7-frjp.json: value too long for type character varying(64)

Ошибка обработки файла GHSA-7wc2-qxgw-g8gg.json: value too long for type character varying(64)

Ошибка обработки файла GHSA-frh7-2f84-v9mw.json: value too long for type character varying(64)

Ошибка обработки файла GHSA-fccg-7w3p-w66f.json: value too long for type character varying(64)

Ошибка обработки файла GHSA-9gvj-pp9x-gcfr.json: value too long for type character varying(64)

Ошибка обработки файла GHSA-wq2g-r956-j8cc.json: value too long for type character varying(64)

Ошибка обработки файла GHSA-p9x3-w98f-7j3q.json: value too long for type character varying(64)

Ошибка обработки файла GHSA-fmhh-rw3h-785m.json: value too long for type character varying(64)

Ошибка обработки файла GHSA-3hmw-8mw3-rmpj.json: value too long for type character varying(64)

Ошибка обработки файла GHSA-hx2h-vjw2-8r54.json: value too long for type character varying(64)

Ошибка обработки файла GHSA-4vgf-2cm4-mp7c.json: value too long for type character varying(64)

Ошибка обработки файла GHSA-v2ch-c8v8-fgr7.json: value too long for type character varying(64)

Ошибка обработки файла GHSA-jqwg-75qf-vmf9.json: value too long for type character varying(64)

Ошибка обработки файла GHSA-m7j5-r2p5-c39r.json: value too long for type character varying(64)

Ошибка обработки файла GHSA-xw6r-chmh-vpmj.json: value too long for type character varying(64)

Ошибка обработки файла GHSA-r7v6-mfhq-g3m2.json: value too long for type character varying(64)

Ошибка обработки файла GHSA-2g4f-4pwh-qvx6.json: value too long for type character varying(64)

Ошибка обработки файла GHSA-8h88-gxp3-j7pg.json: value too long for type character varying(64)

Ошибка обработки файла GHSA-mq8m-42gh-wq7r.json: value too long for type character varying(64)

Ошибка обработки файла GHSA-r277-3xc5-c79v.json: value too long for type character varying(64)

Ошибка обработки файла GHSA-9r9m-ffp6-9x4v.json: value too long for type character varying(64)

Ошибка обработки файла GHSA-6f65-4fv2-wwch.json: value too long for type character varying(64)

Ошибка обработки файла GHSA-97vp-pwqj-46qc.json: value too long for type character varying(64)

Ошибка обработки файла GHSA-q5c6-h22r-qpwr.json: value too long for type character varying(64)

Ошибка обработки файла GHSA-3hj6-r5c9-q8f3.json: value too long for type character varying(64)

Ошибка обработки файла GO-2023-2156.json: value too long for type character varying(64)

Ошибка обработки файла GHSA-gc9r-867r-j85f.json: value too long for type character varying(64)

Ошибка обработки файла GHSA-wccx-j62j-r448.json: value too long for type character varying(64)

Ошибка обработки файла GHSA-3mpm-jx38-9m8w.json: value too long for type character varying(64)

Ошибка обработки файла GHSA-3vcg-j39x-cwfm.json: value too long for type character varying(64)

Ошибка обработки файла GHSA-46j8-vpx8-6p72.json: value too long for type character varying(64)

Ошибка обработки файла GHSA-622h-h2p8-743x.json: value too long for type character varying(64)

Ошибка обработки файла GHSA-879p-475x-rqh2.json: value too long for type character varying(64)

Ошибка обработки файла GHSA-qppm-g56g-fpvp.json: value too long for type character varying(64)

Ошибка обработки файла GHSA-6r2x-8pq8-9489.json: value too long for type character varying(64)

Ошибка обработки файла GHSA-qp4c-xg64-7c6x.json: value too long for type character varying(64)

[2026-05-18 12:20:02] Найдены новые файлы. Запуск парсера...
Ошибка обработки файла GHSA-785h-76cm-cpmf.json: value too long for type character varying(64)

Ошибка обработки файла GHSA-j26g-95ph-2mwv.json: value too long for type character varying(64)

Ошибка обработки файла GHSA-569q-mpph-wgww.json: value too long for type character varying(64)

Ошибка обработки файла GHSA-95fj-3w7g-4r27.json: value too long for type character varying(64)

Ошибка обработки файла GHSA-mpp2-x7wv-38hv.json: value too long for type character varying(64)

Ошибка обработки файла GHSA-46h3-79wf-xr6c.json: value too long for type character varying(64)

Ошибка обработки файла GHSA-3558-j79f-vvm6.json: value too long for type character varying(64)

Ошибка обработки файла GHSA-2c6j-vw6r-mfch.json: value too long for type character varying(64)

Ошибка обработки файла GHSA-qhr6-mgqr-mchm.json: value too long for type character varying(64)

Ошибка обработки файла GHSA-hq75-xg7r-rx6c.json: value too long for type character varying(64)

Ошибка обработки файла GHSA-m79r-r765-5f9j.json: value too long for type character varying(64)

Ошибка обработки файла GHSA-mpfm-fpgx-647q.json: value too long for type character varying(64)

Ошибка обработки файла GHSA-fh55-r93g-j68g.json: value too long for type character varying(64)

Ошибка обработки файла GHSA-hvc7-763r-4f3h.json: value too long for type character varying(64)

Ошибка обработки файла GHSA-vr75-hjh9-7fr6.json: value too long for type character varying(64)

Ошибка обработки файла GHSA-r7r6-cc7p-4v5m.json: value too long for type character varying(64)

Ошибка обработки файла GHSA-2rw7-x74f-jg35.json: value too long for type character varying(64)

Ошибка обработки файла GHSA-q475-2pgm-7hvp.json: value too long for type character varying(64)

Ошибка обработки файла GHSA-2xv9-ghh9-xc69.json: value too long for type character varying(64)

Ошибка обработки файла GHSA-mrq8-rjmw-wpq3.json: value too long for type character varying(64)

Ошибка обработки файла GHSA-8495-4g3g-x7pr.json: value too long for type character varying(64)

Ошибка обработки файла GHSA-rq9r-qvwg-829q.json: value too long for type character varying(64)

Ошибка обработки файла GHSA-pmjj-h5jm-vxh4.json: value too long for type character varying(64)

Ошибка обработки файла GHSA-rf6f-7fwh-wjgh.json: value too long for type character varying(64)

Ошибка обработки файла GHSA-g2f6-pwvx-r275.json: value too long for type character varying(64)

Ошибка обработки файла GO-2023-2113.json: value too long for type character varying(64)

Ошибка обработки файла GHSA-hg3j-6pmh-mvjr.json: value too long for type character varying(64)

Ошибка обработки файла GHSA-57r2-h2wj-g887.json: value too long for type character varying(64)

Ошибка обработки файла GHSA-vh4h-fvqf-q9wv.json: value too long for type character varying(64)

Ошибка обработки файла GHSA-4mhv-8rh3-4ghw.json: value too long for type character varying(64)

Ошибка обработки файла GHSA-vr63-x8vc-m265.json: value too long for type character varying(64)

Ошибка обработки файла GHSA-3mv9-4h5g-vhg3.json: value too long for type character varying(64)

Ошибка обработки файла GHSA-q82r-2j7m-9rv4.json: value too long for type character varying(64)

Ошибка обработки файла GHSA-9jfh-9xrq-4vwm.json: value too long for type character varying(64)

Ошибка обработки файла GHSA-9gjj-6gj7-c4wj.json: value too long for type character varying(64)

Ошибка обработки файла GHSA-6943-qr24-82vx.json: value too long for type character varying(64)

Ошибка обработки файла GHSA-mpmc-qchh-r9q8.json: value too long for type character varying(64)

Ошибка обработки файла GHSA-g2h5-cvvr-7gmw.json: value too long for type character varying(64)

Ошибка обработки файла GHSA-2wcm-vx67-3x4q.json: value too long for type character varying(64)

Ошибка обработки файла GHSA-832w-fhmw-w4f4.json: value too long for type character varying(64)

Ошибка обработки файла GHSA-2657-3c98-63jq.json: value too long for type character varying(64)

Ошибка обработки файла GHSA-v7c4-33vf-cqqq.json: value too long for type character varying(64)

Ошибка обработки файла GHSA-m929-rg27-gj99.json: value too long for type character varying(64)

Ошибка обработки файла GHSA-4rh7-jwg9-m28m.json: value too long for type character varying(64)

Ошибка обработки файла GHSA-cv54-7wv7-qxcw.json: value too long for type character varying(64)

Ошибка обработки файла GHSA-vqmv-47xg-9wpr.json: value too long for type character varying(64)

Ошибка обработки файла GHSA-q5qq-mvfm-j35x.json: value too long for type character varying(64)

Ошибка обработки файла GHSA-r2rv-8pp3-65xw.json: value too long for type character varying(64)

Ошибка обработки файла GHSA-mwm9-4648-f68q.json: value too long for type character varying(64)

Ошибка обработки файла GHSA-3jhf-gxhr-q4cx.json: value too long for type character varying(64)

Ошибка обработки файла GHSA-9rhg-254w-fh9x.json: value too long for type character varying(64)

Ошибка обработки файла GHSA-pc5g-j9j7-p4q3.json: value too long for type character varying(64)

Ошибка обработки файла GHSA-5hwf-rc88-82xm.json: value too long for type character varying(64)

Ошибка обработки файла GHSA-mf5g-6r6f-ghhm.json: value too long for type character varying(64)

Ошибка обработки файла GHSA-j424-mc44-f4hj.json: value too long for type character varying(64)

Ошибка обработки файла GHSA-wgc6-9f6w-h8hx.json: value too long for type character varying(64)

Ошибка обработки файла GHSA-7899-w6c4-vqc4.json: value too long for type character varying(64)

Ошибка обработки файла GHSA-w8rr-5gcm-pp58.json: value too long for type character varying(64)

Ошибка обработки файла GHSA-w6rp-vxj2-fjhr.json: value too long for type character varying(64)

Ошибка обработки файла GHSA-87mj-5ggw-8qc3.json: value too long for type character varying(64)

Ошибка обработки файла GHSA-pjr6-jx7r-j4r6.json: value too long for type character varying(64)

Ошибка обработки файла GHSA-5jvp-m9h4-253h.json: value too long for type character varying(64)

Ошибка обработки файла GHSA-rg7c-g689-fr3x.json: value too long for type character varying(64)

Ошибка обработки файла GHSA-54jq-c3m8-4m76.json: value too long for type character varying(64)

Ошибка обработки файла GHSA-59g6-v3vg-f7wc.json: value too long for type character varying(64)

Ошибка обработки файла GHSA-pfrv-63w8-q7rq.json: value too long for type character varying(64)

Ошибка обработки файла GHSA-5gjc-grvm-m88j.json: value too long for type character varying(64)

Ошибка обработки файла GHSA-pxx3-g568-hxr4.json: value too long for type character varying(64)

Ошибка обработки файла GHSA-7rhv-xm4q-wh42.json: value too long for type character varying(64)

Ошибка обработки файла GHSA-2phg-qgmm-r638.json: value too long for type character varying(64)

Ошибка обработки файла GHSA-j842-xgm4-wf88.json: value too long for type character varying(64)

Ошибка обработки файла GHSA-gj54-gwj9-x2c6.json: value too long for type character varying(64)

Ошибка обработки файла GHSA-92j7-wgmg-f32m.json: value too long for type character varying(64)

Ошибка обработки файла GHSA-7xwp-2cpp-p8r7.json: value too long for type character varying(64)

Ошибка обработки файла GHSA-66pp-5p9w-q87j.json: value too long for type character varying(64)

Ошибка обработки файла GHSA-79qw-g77v-2vfh.json: value too long for type character varying(64)

Ошибка обработки файла GHSA-6556-fwc2-fg2p.json: value too long for type character varying(64)

Ошибка обработки файла GHSA-5jpx-9hw9-2fx4.json: value too long for type character varying(64)

Ошибка обработки файла GHSA-xh9h-692f-mmg4.json: value too long for type character varying(64)

Ошибка обработки файла GHSA-c37v-3c8w-crq8.json: value too long for type character varying(64)

Ошибка обработки файла GHSA-rfxf-mf63-cpqv.json: value too long for type character varying(64)

Ошибка обработки файла GHSA-xcxh-6cv4-q8p8.json: value too long for type character varying(64)

Ошибка обработки файла GHSA-gmfg-3v4q-9qr4.json: value too long for type character varying(64)

Ошибка обработки файла GHSA-9mrq-cjgh-32g2.json: value too long for type character varying(64)

Ошибка обработки файла GO-2023-2331.json: value too long for type character varying(64)

Ошибка обработки файла GHSA-9f8m-9547-2gqm.json: value too long for type character varying(64)

Ошибка обработки файла GHSA-565g-hwwr-4pp3.json: value too long for type character varying(64)

Ошибка обработки файла GHSA-v8vw-gw5j-w7m6.json: value too long for type character varying(64)

Ошибка обработки файла GHSA-c87c-78rc-vmv2.json: value too long for type character varying(64)

Ошибка обработки файла GHSA-g2rq-jv54-wcpr.json: value too long for type character varying(64)

Ошибка обработки файла GHSA-28xx-pppm-vqff.json: value too long for type character varying(64)

Ошибка обработки файла GHSA-5rjg-fvgr-3xxf.json: value too long for type character varying(64)

Ошибка обработки файла GHSA-64x7-m7rh-9m83.json: value too long for type character varying(64)

Ошибка обработки файла GHSA-2qgr-gfvj-qpcr.json: value too long for type character varying(64)

Ошибка обработки файла GHSA-hq76-6gh2-5g4q.json: value too long for type character varying(64)

Ошибка обработки файла GHSA-3jqf-v4mv-747g.json: value too long for type character varying(64)

Ошибка обработки файла GHSA-6jhg-hg63-jvvf.json: value too long for type character varying(64)

Ошибка обработки файла GHSA-5hvc-6wx8-mvv4.json: value too long for type character varying(64)

Ошибка обработки файла GHSA-jjwv-57xh-xr6r.json: value too long for type character varying(64)

Ошибка обработки файла GHSA-rrf6-pxg8-684g.json: value too long for type character varying(64)

Ошибка обработки файла GHSA-73rr-hh4g-fpgx.json: value too long for type character varying(64)

Ошибка обработки файла GHSA-5mq8-78gm-pjmq.json: value too long for type character varying(64)

Ошибка обработки файла GHSA-h4rm-mm56-xf63.json: value too long for type character varying(64)

Ошибка обработки файла GHSA-7q64-3rg2-h9pf.json: value too long for type character varying(64)

Ошибка обработки файла GHSA-56r6-ccm5-8hg3.json: value too long for type character varying(64)

Ошибка обработки файла GHSA-36hm-qxxp-pg3m.json: value too long for type character varying(64)

Ошибка обработки файла GHSA-3phv-83cj-p8p7.json: value too long for type character varying(64)

Ошибка обработки файла GHSA-hjwq-mjwj-4x6c.json: value too long for type character varying(64)

Ошибка обработки файла GHSA-w832-gg5g-x44m.json: value too long for type character varying(64)

Ошибка обработки файла GHSA-37j7-fg3j-429f.json: value too long for type character varying(64)

Ошибка обработки файла GHSA-vfgx-5q85-58q3.json: value too long for type character varying(64)

Ошибка обработки файла GHSA-q9vp-3wcg-8p4x.json: value too long for type character varying(64)

Ошибка обработки файла GHSA-5r5m-65gx-7vrh.json: value too long for type character varying(64)

Ошибка обработки файла GHSA-hqf9-8xv5-x8xw.json: value too long for type character varying(64)

Ошибка обработки файла GHSA-33r8-vrx9-rmcv.json: value too long for type character varying(64)

Ошибка обработки файла GHSA-2689-cw26-6cpj.json: value too long for type character varying(64)

Ошибка обработки файла GHSA-7mc2-6phr-23xc.json: value too long for type character varying(64)

Ошибка обработки файла GHSA-m449-cwjh-6pw7.json: value too long for type character varying(64)

Ошибка обработки файла GHSA-2r8f-cf6w-x5vq.json: value too long for type character varying(64)

Ошибка обработки файла GHSA-vrch-868g-9jx5.json: value too long for type character varying(64)

Ошибка обработки файла GHSA-rq77-p4h8-4crw.json: value too long for type character varying(64)

Ошибка обработки файла GHSA-q26p-9cq4-7fc2.json: value too long for type character varying(64)

Ошибка обработки файла GHSA-6gf2-ffq8-gcww.json: value too long for type character varying(64)

Ошибка обработки файла GHSA-529f-9qwm-9628.json: value too long for type character varying(64)

Ошибка обработки файла GHSA-7cp4-jw97-3rc2.json: value too long for type character varying(64)

Ошибка обработки файла GHSA-cg4x-64p3-x59h.json: value too long for type character varying(64)

Ошибка обработки файла GHSA-pwq7-2gvj-vg9v.json: value too long for type character varying(64)

Ошибка обработки файла GHSA-q9hv-hpm4-hj6x.json: value too long for type character varying(64)

Ошибка обработки файла GHSA-p8pf-44ff-93gf.json: value too long for type character varying(64)

Ошибка обработки файла GHSA-pjv4-3c63-699f.json: value too long for type character varying(64)

Ошибка обработки файла GHSA-cjgq-5qmw-rcj6.json: value too long for type character varying(64)

Ошибка обработки файла GHSA-hcr5-wv4p-h2g2.json: value too long for type character varying(64)

Ошибка обработки файла GO-2025-3463.json: value too long for type character varying(64)

Ошибка обработки файла GHSA-hjph-f4mc-wx4c.json: value too long for type character varying(64)

Ошибка обработки файла GHSA-687h-xw6f-q2qw.json: value too long for type character varying(64)

Ошибка обработки файла GHSA-4xrr-hq4w-6vf4.json: value too long for type character varying(64)

Ошибка обработки файла GHSA-vrhm-gvg7-fpcf.json: value too long for type character varying(64)

Ошибка обработки файла GHSA-2ccx-cjjh-r2j8.json: value too long for type character varying(64)

Ошибка обработки файла GHSA-7hfw-26vp-jp8m.json: value too long for type character varying(64)

Ошибка обработки файла GHSA-rfq8-j7rh-8hf2.json: value too long for type character varying(64)

Ошибка обработки файла GHSA-rv73-9c8w-jp4c.json: value too long for type character varying(64)

Ошибка обработки файла GHSA-m2h6-4xpq-qw3m.json: value too long for type character varying(64)

Ошибка обработки файла GHSA-c6rr-7pmc-73wc.json: value too long for type character varying(64)

Ошибка обработки файла GHSA-9m7r-g8hg-x3vr.json: value too long for type character varying(64)

Ошибка обработки файла GHSA-84hm-wfh8-c5pg.json: value too long for type character varying(64)

Ошибка обработки файла GHSA-69f9-5gxw-wvc2.json: value too long for type character varying(64)

Ошибка обработки файла GHSA-4675-36f9-wf6r.json: value too long for type character varying(64)

Ошибка обработки файла GHSA-frv8-gffc-37px.json: value too long for type character varying(64)

Ошибка обработки файла GHSA-qh3j-mrg8-f234.json: value too long for type character varying(64)

Ошибка обработки файла GHSA-x4vh-j75g-268g.json: value too long for type character varying(64)

Ошибка обработки файла GHSA-223j-4rm8-mrmf.json: value too long for type character varying(64)

Ошибка обработки файла GHSA-jxmr-2h4q-rhxp.json: value too long for type character varying(64)

Ошибка обработки файла GHSA-hhfg-fwrw-87w7.json: value too long for type character varying(64)

Ошибка обработки файла GHSA-x843-g5mx-g377.json: value too long for type character varying(64)

Ошибка обработки файла GHSA-2fh4-gpch-vqv4.json: value too long for type character varying(64)

Ошибка обработки файла GHSA-45rp-9p97-h852.json: value too long for type character varying(64)

Ошибка обработки файла GHSA-5vhg-9xg4-cv9m.json: value too long for type character varying(64)

Ошибка обработки файла GHSA-f238-rggp-82m3.json: value too long for type character varying(64)

Ошибка обработки файла GHSA-86x4-wp9f-wrr9.json: value too long for type character varying(64)

Ошибка обработки файла GHSA-34q3-8x9v-j957.json: value too long for type character varying(64)

Ошибка обработки файла GHSA-6fmw-82m7-jq6p.json: value too long for type character varying(64)

Ошибка обработки файла GHSA-6phg-4wmq-h5h3.json: value too long for type character varying(64)

Ошибка обработки файла GHSA-x597-9fr4-5857.json: value too long for type character varying(64)

Ошибка обработки файла GHSA-53mq-f4w3-f7qv.json: value too long for type character varying(64)

Ошибка обработки файла GHSA-xqrq-4mgf-ff32.json: value too long for type character varying(64)

Ошибка обработки файла GHSA-jfx9-29x2-rv3j.json: value too long for type character varying(64)

Ошибка обработки файла GHSA-c2fc-9q9c-5486.json: value too long for type character varying(64)

Ошибка обработки файла GHSA-pchf-49fh-w34r.json: value too long for type character varying(64)

Ошибка обработки файла GHSA-79hx-3fp8-hj66.json: value too long for type character varying(64)

Ошибка обработки файла GHSA-527x-5wrf-22m2.json: value too long for type character varying(64)

Ошибка обработки файла GHSA-g84x-mcqj-x9qq.json: value too long for type character varying(64)

Ошибка обработки файла GHSA-pw25-c82r-75mm.json: value too long for type character varying(64)

Ошибка обработки файла GHSA-4pfg-2mw5-f8jx.json: value too long for type character varying(64)

Ошибка обработки файла GHSA-pp3g-xmm4-5cw9.json: value too long for type character varying(64)

Ошибка обработки файла GHSA-4jf8-g8wp-cx7c.json: value too long for type character varying(64)

Ошибка обработки файла GHSA-wfm2-rq5g-f8v5.json: value too long for type character varying(64)

Ошибка обработки файла GHSA-j48q-4c78-rhf9.json: value too long for type character varying(64)

Ошибка обработки файла GHSA-jr5f-v2jv-69x6.json: value too long for type character varying(64)

Ошибка обработки файла GHSA-955r-x9j8-7rhh.json: value too long for type character varying(64)

Ошибка обработки файла GHSA-hx9q-6w63-j58v.json: value too long for type character varying(64)

Ошибка обработки файла GHSA-387m-j3p9-3php.json: value too long for type character varying(64)

Ошибка обработки файла GHSA-6p68-w45g-48j7.json: value too long for type character varying(64)

Ошибка обработки файла GHSA-j6g5-p62x-58hw.json: value too long for type character varying(64)

Ошибка обработки файла GHSA-w6mr-mj53-x258.json: value too long for type character varying(64)

Ошибка обработки файла GHSA-6h8w-hrfp-pffx.json: value too long for type character varying(64)

Ошибка обработки файла GHSA-rrxm-2pvv-m66x.json: value too long for type character varying(64)

Ошибка обработки файла GHSA-p258-xmh3-72pv.json: value too long for type character varying(64)

Ошибка обработки файла GHSA-j4gv-6x9v-v23g.json: value too long for type character varying(64)

Ошибка обработки файла GHSA-c5cp-vx83-jhqx.json: value too long for type character varying(64)

Ошибка обработки файла GHSA-2977-5php-6789.json: value too long for type character varying(64)

Ошибка обработки файла GHSA-gvg8-93h5-g6qq.json: value too long for type character varying(64)

Ошибка обработки файла GHSA-9x9c-ghc5-jhw9.json: value too long for type character varying(64)

Ошибка обработки файла GHSA-mcrw-746g-9q8h.json: value too long for type character varying(64)

Ошибка обработки файла GHSA-v2mw-5mch-w8c5.json: value too long for type character varying(64)

Ошибка обработки файла GO-2024-3066.json: value too long for type character varying(64)

Ошибка обработки файла GO-2024-2750.json: value too long for type character varying(64)

Ошибка обработки файла GHSA-p998-jp59-783m.json: value too long for type character varying(64)

Ошибка обработки файла GHSA-r6h4-mm7h-8pmq.json: value too long for type character varying(64)

Ошибка обработки файла GHSA-585v-hcgf-jhfr.json: value too long for type character varying(64)

Ошибка обработки файла GHSA-w6vg-jg77-2qg6.json: value too long for type character varying(64)

Ошибка обработки файла GHSA-mq84-hjqx-cwf2.json: value too long for type character varying(64)

Ошибка обработки файла GHSA-5fvm-p68v-5wmh.json: value too long for type character varying(64)

Ошибка обработки файла GHSA-qv8j-hgpc-vrq8.json: value too long for type character varying(64)

Ошибка обработки файла GHSA-hqrf-67pm-wgfq.json: value too long for type character varying(64)

Ошибка обработки файла GHSA-hf6h-9wq7-hmjg.json: value too long for type character varying(64)

Ошибка обработки файла GHSA-fj3w-jwp8-x2g3.json: value too long for type character varying(64)

Ошибка обработки файла GHSA-89vc-vf32-ch59.json: value too long for type character varying(64)

Ошибка обработки файла GHSA-g7pc-pc7g-h8jh.json: value too long for type character varying(64)

Ошибка обработки файла GHSA-mwh4-6h8g-pg8w.json: value too long for type character varying(64)

Ошибка обработки файла GHSA-rjv5-9px2-fqw6.json: value too long for type character varying(64)

Ошибка обработки файла GHSA-p523-jq9w-64x9.json: value too long for type character varying(64)

Ошибка обработки файла GHSA-9548-qrrj-x5pj.json: value too long for type character varying(64)

Ошибка обработки файла GHSA-q8jq-4rm5-4hm5.json: value too long for type character varying(64)

Ошибка обработки файла GHSA-2mcm-79hx-8fxw.json: value too long for type character varying(64)

Ошибка обработки файла GHSA-pj86-cfqh-vqx6.json: value too long for type character varying(64)

Ошибка обработки файла GHSA-5wmg-9cvh-qw25.json: value too long for type character varying(64)

Ошибка обработки файла GHSA-wg47-6jq2-q2hh.json: value too long for type character varying(64)

Ошибка обработки файла GHSA-36rg-gfq2-3h56.json: value too long for type character varying(64)

Ошибка обработки файла GHSA-hjr9-wj7v-7hv8.json: value too long for type character varying(64)

Ошибка обработки файла GHSA-49pv-gwxp-532r.json: value too long for type character varying(64)

Ошибка обработки файла GHSA-vh9x-phq6-fx54.json: value too long for type character varying(64)

Ошибка обработки файла GHSA-v342-4xr9-x3q3.json: value too long for type character varying(64)

Ошибка обработки файла GHSA-ffrw-9mx8-89p8.json: value too long for type character varying(64)

Ошибка обработки файла GHSA-mxhj-88fx-4pcv.json: value too long for type character varying(64)

Ошибка обработки файла GHSA-3gxm-wfjx-m847.json: value too long for type character varying(64)

Ошибка обработки файла GHSA-4xc4-762w-m6cg.json: value too long for type character varying(64)

Ошибка обработки файла GHSA-rvjx-cfjh-5mc9.json: value too long for type character varying(64)

Ошибка обработки файла GHSA-q9rr-h3hx-m87g.json: value too long for type character varying(64)

Ошибка обработки файла GHSA-25g8-2mcf-fcx9.json: value too long for type character varying(64)

Ошибка обработки файла GHSA-gxp8-m5rq-3m38.json: value too long for type character varying(64)

Ошибка обработки файла GHSA-qc2h-74x3-4v3w.json: value too long for type character varying(64)

Ошибка обработки файла GHSA-r2h2-g46h-8mx8.json: value too long for type character varying(64)

Ошибка обработки файла GHSA-j9wj-m24m-7jj6.json: value too long for type character varying(64)

Ошибка обработки файла GHSA-x76f-jf84-rqj8.json: value too long for type character varying(64)

Ошибка обработки файла GHSA-33hq-fvwr-56pm.json: value too long for type character varying(64)

Ошибка обработки файла GHSA-hhh5-2cvx-vmfp.json: value too long for type character varying(64)

Ошибка обработки файла GHSA-459x-q9hg-4gpq.json: value too long for type character varying(64)

Ошибка обработки файла GHSA-h3m5-p59h-x88p.json: value too long for type character varying(64)

Ошибка обработки файла GHSA-6fgm-x6ff-w78f.json: value too long for type character varying(64)

Ошибка обработки файла GHSA-59qh-fmm7-3g9q.json: value too long for type character varying(64)

Ошибка обработки файла GHSA-9m49-p2j3-c6xm.json: value too long for type character varying(64)

Ошибка обработки файла GHSA-g966-83w7-6w38.json: value too long for type character varying(64)

Ошибка обработки файла GHSA-2v35-wj4r-rcmv.json: value too long for type character varying(64)

Ошибка обработки файла GHSA-ppwq-6v66-5m6j.json: value too long for type character varying(64)

Ошибка обработки файла GHSA-hpqf-m68j-2pfx.json: value too long for type character varying(64)

Ошибка обработки файла GHSA-vm2f-46xc-5jc3.json: value too long for type character varying(64)

Ошибка обработки файла GHSA-cr7h-93fh-whwm.json: value too long for type character varying(64)

Ошибка обработки файла GHSA-7xqm-7738-642x.json: value too long for type character varying(64)

Ошибка обработки файла GHSA-6jx8-rcjx-vmwf.json: value too long for type character varying(64)

Ошибка обработки файла GHSA-vhvq-fv9f-wh4q.json: value too long for type character varying(64)

Ошибка обработки файла GHSA-m273-6v24-x4m4.json: value too long for type character varying(64)

Ошибка обработки файла GHSA-w254-4hp5-7cvv.json: value too long for type character varying(64)

Ошибка обработки файла GHSA-mwv9-gp5h-frr4.json: value too long for type character varying(64)

Ошибка обработки файла GHSA-p34h-wq7j-h5v6.json: value too long for type character varying(64)

Ошибка обработки файла GHSA-jmr4-p576-v565.json: value too long for type character varying(64)

Ошибка обработки файла GHSA-g5mq-prx7-c588.json: value too long for type character varying(64)

Ошибка обработки файла GHSA-6jp5-hh4c-8c5h.json: value too long for type character varying(64)

Ошибка обработки файла GHSA-f786-75f3-74xj.json: value too long for type character varying(64)

Ошибка обработки файла GHSA-wfq2-52f7-7qvj.json: value too long for type character varying(64)

Ошибка обработки файла GHSA-793v-589g-574v.json: value too long for type character varying(64)

Ошибка обработки файла GHSA-526j-mv3p-f4vv.json: value too long for type character varying(64)

Ошибка обработки файла GHSA-vp6v-whfm-rv3g.json: value too long for type character varying(64)

Ошибка обработки файла GHSA-3wq7-rqq7-wx6j.json: value too long for type character varying(64)

Ошибка обработки файла GHSA-286p-vc9p-p5qv.json: value too long for type character varying(64)

Ошибка обработки файла GHSA-7jrq-q4pq-rhm6.json: value too long for type character varying(64)

Ошибка обработки файла GHSA-w62p-hx95-gf2c.json: value too long for type character varying(64)

Ошибка обработки файла GHSA-v3c9-j6h9-66v4.json: value too long for type character varying(64)

Ошибка обработки файла GHSA-pwh4-6r3m-j2rf.json: value too long for type character varying(64)

Ошибка обработки файла GHSA-8pgv-569h-w5rw.json: value too long for type character varying(64)

Ошибка обработки файла GHSA-hx52-cv84-jr5v.json: value too long for type character varying(64)

Ошибка обработки файла GHSA-799q-f2px-wx8c.json: value too long for type character varying(64)

Ошибка обработки файла GHSA-84r2-jw7c-4r5q.json: value too long for type character varying(64)

Ошибка обработки файла GHSA-pw67-xjhq-389w.json: value too long for type character varying(64)

Ошибка обработки файла GHSA-m3mq-f375-5vgh.json: value too long for type character varying(64)

Ошибка обработки файла GHSA-4v9x-cqc5-j645.json: value too long for type character varying(64)

Ошибка обработки файла GHSA-cm76-qm8v-3j95.json: value too long for type character varying(64)

Ошибка обработки файла GHSA-x7hp-r3qg-r3cj.json: value too long for type character varying(64)

Ошибка обработки файла GHSA-m4h2-mjfm-mp55.json: value too long for type character varying(64)

Ошибка обработки файла GHSA-255v-qv84-29p5.json: value too long for type character varying(64)

Ошибка обработки файла GHSA-hg3g-gphw-5hhm.json: value too long for type character varying(64)

Ошибка обработки файла GHSA-r584-6283-p7xc.json: value too long for type character varying(64)

Ошибка обработки файла GHSA-g22f-v6f7-2hrh.json: value too long for type character varying(64)

Ошибка обработки файла GHSA-5wgp-vjxm-3x2r.json: value too long for type character varying(64)

Ошибка обработки файла GHSA-rvqx-wpfh-mfx7.json: value too long for type character varying(64)

Ошибка обработки файла GHSA-6wxf-7784-62fp.json: value too long for type character varying(64)

Ошибка обработки файла GHSA-wh6m-h6f4-rjf4.json: value too long for type character varying(64)

Ошибка обработки файла GHSA-wx6g-fm6f-w822.json: value too long for type character varying(64)

Ошибка обработки файла GHSA-j8hf-cp34-g4j7.json: value too long for type character varying(64)

Ошибка обработки файла GHSA-rm59-992w-x2mv.json: value too long for type character varying(64)

Ошибка обработки файла GHSA-pfr4-4397-3hg8.json: value too long for type character varying(64)

Ошибка обработки файла GHSA-cxfp-7pvr-95ff.json: value too long for type character varying(64)

Ошибка обработки файла GHSA-wh2j-26j7-9728.json: value too long for type character varying(64)

Ошибка обработки файла GHSA-hffm-g8v7-wrv7.json: value too long for type character varying(64)

Ошибка обработки файла GHSA-p22h-3m2v-cmgh.json: value too long for type character varying(64)

Ошибка обработки файла GHSA-2j4c-9qqq-896r.json: value too long for type character varying(64)

Ошибка обработки файла GHSA-69jq-qr7w-j7qh.json: value too long for type character varying(64)

Ошибка обработки файла GHSA-p2gr-hm8g-q772.json: value too long for type character varying(64)

Ошибка обработки файла GHSA-mw96-cpmx-2vgc.json: value too long for type character varying(64)

Ошибка обработки файла GHSA-r6ph-v2qm-q3c2.json: value too long for type character varying(64)

Ошибка обработки файла GHSA-33mw-q7rj-mjwj.json: value too long for type character varying(64)

Ошибка обработки файла GHSA-49xw-vfc4-7p43.json: value too long for type character varying(64)

Ошибка обработки файла GHSA-7g56-fwxj-cm23.json: value too long for type character varying(64)

Ошибка обработки файла GHSA-5r3v-vc8m-m96g.json: value too long for type character varying(64)

Ошибка обработки файла GHSA-p2ph-7g93-hw3m.json: value too long for type character varying(64)

Ошибка обработки файла GHSA-f7f6-9jq7-3rqj.json: value too long for type character varying(64)

Ошибка обработки файла GHSA-r54c-2xmf-2cf3.json: value too long for type character varying(64)

Ошибка обработки файла GHSA-v2qh-f584-6hj8.json: value too long for type character varying(64)

Ошибка обработки файла GHSA-wrrr-8jcv-wjf5.json: value too long for type character varying(64)

Ошибка обработки файла GHSA-r3jv-xfgx-gj24.json: value too long for type character varying(64)

Ошибка обработки файла GHSA-7c78-rm87-5673.json: value too long for type character varying(64)

Ошибка обработки файла GHSA-3329-ghmp-jmv5.json: value too long for type character varying(64)

Ошибка обработки файла GHSA-r8g5-cgf2-4m4m.json: value too long for type character varying(64)

Ошибка обработки файла GHSA-qrv3-jc3h-f3m6.json: value too long for type character varying(64)

Ошибка обработки файла GHSA-68qg-g787-3rp5.json: value too long for type character varying(64)

Ошибка обработки файла GHSA-4f6g-68pf-7vhv.json: value too long for type character varying(64)

Ошибка обработки файла GHSA-r5m2-fqcf-qrf7.json: value too long for type character varying(64)

Ошибка обработки файла GHSA-mm7p-fcc7-pg87.json: value too long for type character varying(64)

Ошибка обработки файла GHSA-8wpr-639p-ccrj.json: value too long for type character varying(64)

Ошибка обработки файла GHSA-xfqm-j7pc-xrfc.json: value too long for type character varying(64)

Ошибка обработки файла GHSA-29qp-crvh-w22m.json: value too long for type character varying(64)

Ошибка обработки файла GHSA-8vq4-8hfp-29xh.json: value too long for type character varying(64)

Ошибка обработки файла GHSA-5v8v-66v8-mwm7.json: value too long for type character varying(64)

Ошибка обработки файла GHSA-wjpc-4f29-83h3.json: value too long for type character varying(64)

Ошибка обработки файла GHSA-rcjv-mgp8-qvmr.json: value too long for type character varying(64)

Ошибка обработки файла GHSA-4x49-vf9v-38px.json: value too long for type character varying(64)

Ошибка обработки файла GHSA-2p96-p7qh-4rgr.json: value too long for type character varying(64)

Ошибка обработки файла GHSA-gr7w-hmch-25g7.json: value too long for type character varying(64)

Ошибка обработки файла GHSA-3x5x-fw77-g54c.json: value too long for type character varying(64)

Ошибка обработки файла GHSA-c65f-x25w-62jv.json: value too long for type character varying(64)

Ошибка обработки файла GHSA-33f4-mjch-7fpr.json: value too long for type character varying(64)

Ошибка обработки файла GHSA-4rrr-2h4v-f3j9.json: value too long for type character varying(64)

Ошибка обработки файла GHSA-8q6v-474h-whgg.json: value too long for type character varying(64)

Ошибка обработки файла GHSA-wcj4-jw5j-44wh.json: value too long for type character varying(64)

Ошибка обработки файла GHSA-5q2p-3jg8-2m98.json: value too long for type character varying(64)

Ошибка обработки файла GHSA-mq77-rv97-285m.json: value too long for type character varying(64)

Ошибка обработки файла GHSA-qrmh-qg46-72pp.json: value too long for type character varying(64)

Ошибка обработки файла GHSA-2m9h-r57g-45pj.json: value too long for type character varying(64)

Ошибка обработки файла GHSA-g4w6-c99w-4wh7.json: value too long for type character varying(64)

Ошибка обработки файла GHSA-6f6w-6j58-rq76.json: value too long for type character varying(64)

Ошибка обработки файла GHSA-24p2-j2jr-386w.json: value too long for type character varying(64)

Ошибка обработки файла GHSA-hw34-rqc5-h2gm.json: value too long for type character varying(64)

Ошибка обработки файла GHSA-4h4x-4m75-47j4.json: value too long for type character varying(64)

Ошибка обработки файла GHSA-rx8g-88g5-qh64.json: value too long for type character varying(64)

Ошибка обработки файла GHSA-pm7q-rjjx-979p.json: value too long for type character varying(64)

Ошибка обработки файла GHSA-45rp-q25w-4426.json: value too long for type character varying(64)

Ошибка обработки файла GHSA-5m5x-9j46-h678.json: value too long for type character varying(64)

Ошибка обработки файла GHSA-hhf6-3xpg-pggx.json: value too long for type character varying(64)

Ошибка обработки файла GHSA-8v65-5fw5-23wj.json: value too long for type character varying(64)

Ошибка обработки файла GHSA-7qw8-3vmf-gj32.json: value too long for type character varying(64)

Ошибка обработки файла GHSA-6933-jpx5-q87q.json: value too long for type character varying(64)

Ошибка обработки файла GHSA-8425-8r2f-mrv6.json: value too long for type character varying(64)

Ошибка обработки файла GHSA-p4f6-h8jj-vfvf.json: value too long for type character varying(64)

Ошибка обработки файла GHSA-hfcf-79gh-f3jc.json: value too long for type character varying(64)

Ошибка обработки файла GHSA-pjwm-cr36-mwv3.json: value too long for type character varying(64)

Ошибка обработки файла GHSA-8r88-6cj9-9fh5.json: value too long for type character varying(64)

Ошибка обработки файла GO-2024-3102.json: value too long for type character varying(64)

Ошибка обработки файла GHSA-prf6-xjxh-p698.json: value too long for type character varying(64)

Ошибка обработки файла GHSA-82ff-hg59-8x73.json: value too long for type character varying(64)

Ошибка обработки файла GHSA-98x5-jw98-6c97.json: value too long for type character varying(64)

Ошибка обработки файла GHSA-w8v5-vhqr-4h9v.json: value too long for type character varying(64)

Ошибка обработки файла GHSA-3p6v-hrg8-8qj7.json: value too long for type character varying(64)

Ошибка обработки файла GHSA-528q-4pgm-wvg2.json: value too long for type character varying(64)

Ошибка обработки файла GHSA-r8c2-2qwq-94p6.json: value too long for type character varying(64)

Ошибка обработки файла GHSA-hcc4-c3v8-rx92.json: value too long for type character varying(64)

Ошибка обработки файла GHSA-vp8w-wj4m-3r7j.json: value too long for type character varying(64)

Ошибка обработки файла GHSA-rrr2-jcr8-7q3x.json: value too long for type character varying(64)

Ошибка обработки файла GHSA-x46r-mf5g-xpr6.json: value too long for type character varying(64)

Ошибка обработки файла GHSA-9p23-p2m4-2r4m.json: value too long for type character varying(64)

Ошибка обработки файла GHSA-w87r-vg9q-crqm.json: value too long for type character varying(64)

Ошибка обработки файла GHSA-5r3p-6rj5-7937.json: value too long for type character varying(64)

Ошибка обработки файла GHSA-ccc3-fvfx-mw3v.json: value too long for type character varying(64)

Ошибка обработки файла GHSA-gxhx-2686-5h9g.json: value too long for type character varying(64)

Ошибка обработки файла GHSA-6c59-mwgh-r2x6.json: value too long for type character varying(64)

Ошибка обработки файла GHSA-vp96-hxj8-p424.json: value too long for type character varying(64)

Ошибка обработки файла GHSA-2vhw-q7vh-7xv2.json: value too long for type character varying(64)

Ошибка обработки файла GHSA-9g9j-rggx-7fmg.json: value too long for type character varying(64)

Ошибка обработки файла GHSA-4p64-v8f5-r2gx.json: value too long for type character varying(64)

Ошибка обработки файла GHSA-4f9r-x588-pp2h.json: value too long for type character varying(64)

Ошибка обработки файла GHSA-rrgf-hcr9-jq6h.json: value too long for type character varying(64)

Ошибка обработки файла GHSA-jj3x-wxrx-4x23.json: value too long for type character varying(64)

Ошибка обработки файла GHSA-fpg4-jhqr-589c.json: value too long for type character varying(64)

Ошибка обработки файла GHSA-7mw3-79jq-xc7f.json: value too long for type character varying(64)

Ошибка обработки файла GHSA-2vrm-gr82-f7m5.json: value too long for type character varying(64)

Ошибка обработки файла GHSA-r3xh-3r3w-47gp.json: value too long for type character varying(64)

Ошибка обработки файла GHSA-fj52-5g4h-gmq8.json: value too long for type character varying(64)

Ошибка обработки файла GHSA-22c2-9gwg-mj59.json: value too long for type character varying(64)

Ошибка обработки файла GHSA-cq8c-xv66-36gw.json: value too long for type character varying(64)

Ошибка обработки файла GHSA-77wq-646f-jrm2.json: value too long for type character varying(64)

Ошибка обработки файла GHSA-6fxp-p9mg-q64w.json: value too long for type character varying(64)

Ошибка обработки файла GHSA-fw7p-63qq-7hpr.json: value too long for type character varying(64)

Ошибка обработки файла GHSA-m2w3-8f23-hxxf.json: value too long for type character varying(64)

Ошибка обработки файла GHSA-qmjj-p7m9-wjrv.json: value too long for type character varying(64)

Ошибка обработки файла GHSA-mqqc-3gqh-h2x8.json: value too long for type character varying(64)

Ошибка обработки файла GHSA-9q5r-wfvf-rr7f.json: value too long for type character varying(64)

Ошибка обработки файла GHSA-v895-833r-8c45.json: value too long for type character varying(64)

Ошибка обработки файла GHSA-9m3x-qqw2-h32h.json: value too long for type character varying(64)

Ошибка обработки файла GHSA-9j4f-f249-q5w8.json: value too long for type character varying(64)

Ошибка обработки файла GHSA-73h3-mf4w-8647.json: value too long for type character varying(64)

Ошибка обработки файла GHSA-gcqf-pxgg-gw8q.json: value too long for type character varying(64)

Ошибка обработки файла GHSA-9726-w42j-3qjr.json: value too long for type character varying(64)

Ошибка обработки файла GHSA-62vx-hpcr-m9ch.json: value too long for type character varying(64)

Ошибка обработки файла GHSA-425g-fjhq-5h92.json: value too long for type character varying(64)

Ошибка обработки файла GHSA-5pwr-322w-8jr4.json: value too long for type character varying(64)

Ошибка обработки файла GHSA-pw95-88fg-3j6f.json: value too long for type character varying(64)

Ошибка обработки файла GHSA-j3w7-9qc3-g96p.json: value too long for type character varying(64)

Ошибка обработки файла GHSA-q4w9-x3rv-4c8j.json: value too long for type character varying(64)

Ошибка обработки файла GHSA-4vr7-g93g-cf6m.json: value too long for type character varying(64)

Ошибка обработки файла GHSA-wx3r-v6h7-frjp.json: value too long for type character varying(64)

Ошибка обработки файла GHSA-7wc2-qxgw-g8gg.json: value too long for type character varying(64)

Ошибка обработки файла GHSA-frh7-2f84-v9mw.json: value too long for type character varying(64)

Ошибка обработки файла GHSA-fccg-7w3p-w66f.json: value too long for type character varying(64)

Ошибка обработки файла GHSA-9gvj-pp9x-gcfr.json: value too long for type character varying(64)

Ошибка обработки файла GHSA-wq2g-r956-j8cc.json: value too long for type character varying(64)

Ошибка обработки файла GHSA-p9x3-w98f-7j3q.json: value too long for type character varying(64)

Ошибка обработки файла GHSA-fmhh-rw3h-785m.json: value too long for type character varying(64)

Ошибка обработки файла GHSA-3hmw-8mw3-rmpj.json: value too long for type character varying(64)

Ошибка обработки файла GHSA-hx2h-vjw2-8r54.json: value too long for type character varying(64)

Ошибка обработки файла GHSA-4vgf-2cm4-mp7c.json: value too long for type character varying(64)

Ошибка обработки файла GHSA-v2ch-c8v8-fgr7.json: value too long for type character varying(64)

Ошибка обработки файла GHSA-jqwg-75qf-vmf9.json: value too long for type character varying(64)

Ошибка обработки файла GHSA-m7j5-r2p5-c39r.json: value too long for type character varying(64)

Ошибка обработки файла GHSA-xw6r-chmh-vpmj.json: value too long for type character varying(64)

Ошибка обработки файла GHSA-r7v6-mfhq-g3m2.json: value too long for type character varying(64)

Ошибка обработки файла GHSA-2g4f-4pwh-qvx6.json: value too long for type character varying(64)

Ошибка обработки файла GHSA-8h88-gxp3-j7pg.json: value too long for type character varying(64)

Ошибка обработки файла GHSA-mq8m-42gh-wq7r.json: value too long for type character varying(64)

Ошибка обработки файла GHSA-r277-3xc5-c79v.json: value too long for type character varying(64)

Ошибка обработки файла GHSA-9r9m-ffp6-9x4v.json: value too long for type character varying(64)

Ошибка обработки файла GHSA-6f65-4fv2-wwch.json: value too long for type character varying(64)

Ошибка обработки файла GHSA-97vp-pwqj-46qc.json: value too long for type character varying(64)

Ошибка обработки файла GHSA-q5c6-h22r-qpwr.json: value too long for type character varying(64)

Ошибка обработки файла GHSA-3hj6-r5c9-q8f3.json: value too long for type character varying(64)

Ошибка обработки файла GO-2023-2156.json: value too long for type character varying(64)

Ошибка обработки файла GHSA-gc9r-867r-j85f.json: value too long for type character varying(64)

Ошибка обработки файла GHSA-wccx-j62j-r448.json: value too long for type character varying(64)

Ошибка обработки файла GHSA-3mpm-jx38-9m8w.json: value too long for type character varying(64)

Ошибка обработки файла GHSA-3vcg-j39x-cwfm.json: value too long for type character varying(64)

Ошибка обработки файла GHSA-46j8-vpx8-6p72.json: value too long for type character varying(64)

Ошибка обработки файла GHSA-622h-h2p8-743x.json: value too long for type character varying(64)

Ошибка обработки файла GHSA-879p-475x-rqh2.json: value too long for type character varying(64)

Ошибка обработки файла GHSA-qppm-g56g-fpvp.json: value too long for type character varying(64)

Ошибка обработки файла GHSA-6r2x-8pq8-9489.json: value too long for type character varying(64)

Ошибка обработки файла GHSA-qp4c-xg64-7c6x.json: value too long for type character varying(64)

[2026-05-18 12:20:33] Найдены новые файлы. Запуск парсера...
Ошибка обработки файла GHSA-785h-76cm-cpmf.json: value too long for type character varying(64)

Ошибка обработки файла GHSA-j26g-95ph-2mwv.json: value too long for type character varying(64)

Ошибка обработки файла GHSA-569q-mpph-wgww.json: value too long for type character varying(64)

Ошибка обработки файла GHSA-95fj-3w7g-4r27.json: value too long for type character varying(64)

Ошибка обработки файла GHSA-mpp2-x7wv-38hv.json: value too long for type character varying(64)

Ошибка обработки файла GHSA-46h3-79wf-xr6c.json: value too long for type character varying(64)

Ошибка обработки файла GHSA-3558-j79f-vvm6.json: value too long for type character varying(64)

Ошибка обработки файла GHSA-2c6j-vw6r-mfch.json: value too long for type character varying(64)

Ошибка обработки файла GHSA-qhr6-mgqr-mchm.json: value too long for type character varying(64)

Ошибка обработки файла GHSA-hq75-xg7r-rx6c.json: value too long for type character varying(64)

Ошибка обработки файла GHSA-m79r-r765-5f9j.json: value too long for type character varying(64)

Ошибка обработки файла GHSA-mpfm-fpgx-647q.json: value too long for type character varying(64)

Ошибка обработки файла GHSA-fh55-r93g-j68g.json: value too long for type character varying(64)

Ошибка обработки файла GHSA-hvc7-763r-4f3h.json: value too long for type character varying(64)

Ошибка обработки файла GHSA-vr75-hjh9-7fr6.json: value too long for type character varying(64)

Ошибка обработки файла GHSA-r7r6-cc7p-4v5m.json: value too long for type character varying(64)

Ошибка обработки файла GHSA-2rw7-x74f-jg35.json: value too long for type character varying(64)

Ошибка обработки файла GHSA-q475-2pgm-7hvp.json: value too long for type character varying(64)

Ошибка обработки файла GHSA-2xv9-ghh9-xc69.json: value too long for type character varying(64)

Ошибка обработки файла GHSA-mrq8-rjmw-wpq3.json: value too long for type character varying(64)

Ошибка обработки файла GHSA-8495-4g3g-x7pr.json: value too long for type character varying(64)

Ошибка обработки файла GHSA-rq9r-qvwg-829q.json: value too long for type character varying(64)

Ошибка обработки файла GHSA-pmjj-h5jm-vxh4.json: value too long for type character varying(64)

Ошибка обработки файла GHSA-rf6f-7fwh-wjgh.json: value too long for type character varying(64)

Ошибка обработки файла GHSA-g2f6-pwvx-r275.json: value too long for type character varying(64)

Ошибка обработки файла GO-2023-2113.json: value too long for type character varying(64)

Ошибка обработки файла GHSA-hg3j-6pmh-mvjr.json: value too long for type character varying(64)

Ошибка обработки файла GHSA-57r2-h2wj-g887.json: value too long for type character varying(64)

Ошибка обработки файла GHSA-vh4h-fvqf-q9wv.json: value too long for type character varying(64)

Ошибка обработки файла GHSA-4mhv-8rh3-4ghw.json: value too long for type character varying(64)

Ошибка обработки файла GHSA-vr63-x8vc-m265.json: value too long for type character varying(64)

Ошибка обработки файла GHSA-3mv9-4h5g-vhg3.json: value too long for type character varying(64)

Ошибка обработки файла GHSA-q82r-2j7m-9rv4.json: value too long for type character varying(64)

Ошибка обработки файла GHSA-9jfh-9xrq-4vwm.json: value too long for type character varying(64)

Ошибка обработки файла GHSA-9gjj-6gj7-c4wj.json: value too long for type character varying(64)

Ошибка обработки файла GHSA-6943-qr24-82vx.json: value too long for type character varying(64)

Ошибка обработки файла GHSA-mpmc-qchh-r9q8.json: value too long for type character varying(64)

Ошибка обработки файла GHSA-g2h5-cvvr-7gmw.json: value too long for type character varying(64)

Ошибка обработки файла GHSA-2wcm-vx67-3x4q.json: value too long for type character varying(64)

Ошибка обработки файла GHSA-832w-fhmw-w4f4.json: value too long for type character varying(64)

Ошибка обработки файла GHSA-2657-3c98-63jq.json: value too long for type character varying(64)

Ошибка обработки файла GHSA-v7c4-33vf-cqqq.json: value too long for type character varying(64)

Ошибка обработки файла GHSA-m929-rg27-gj99.json: value too long for type character varying(64)

Ошибка обработки файла GHSA-4rh7-jwg9-m28m.json: value too long for type character varying(64)

Ошибка обработки файла GHSA-cv54-7wv7-qxcw.json: value too long for type character varying(64)

Ошибка обработки файла GHSA-vqmv-47xg-9wpr.json: value too long for type character varying(64)

Ошибка обработки файла GHSA-q5qq-mvfm-j35x.json: value too long for type character varying(64)

Ошибка обработки файла GHSA-r2rv-8pp3-65xw.json: value too long for type character varying(64)

Ошибка обработки файла GHSA-mwm9-4648-f68q.json: value too long for type character varying(64)

Ошибка обработки файла GHSA-3jhf-gxhr-q4cx.json: value too long for type character varying(64)

Ошибка обработки файла GHSA-9rhg-254w-fh9x.json: value too long for type character varying(64)

Ошибка обработки файла GHSA-pc5g-j9j7-p4q3.json: value too long for type character varying(64)

Ошибка обработки файла GHSA-5hwf-rc88-82xm.json: value too long for type character varying(64)

Ошибка обработки файла GHSA-mf5g-6r6f-ghhm.json: value too long for type character varying(64)

Ошибка обработки файла GHSA-j424-mc44-f4hj.json: value too long for type character varying(64)

Ошибка обработки файла GHSA-wgc6-9f6w-h8hx.json: value too long for type character varying(64)

Ошибка обработки файла GHSA-7899-w6c4-vqc4.json: value too long for type character varying(64)

Ошибка обработки файла GHSA-w8rr-5gcm-pp58.json: value too long for type character varying(64)

Ошибка обработки файла GHSA-w6rp-vxj2-fjhr.json: value too long for type character varying(64)

Ошибка обработки файла GHSA-87mj-5ggw-8qc3.json: value too long for type character varying(64)

Ошибка обработки файла GHSA-pjr6-jx7r-j4r6.json: value too long for type character varying(64)

Ошибка обработки файла GHSA-5jvp-m9h4-253h.json: value too long for type character varying(64)

Ошибка обработки файла GHSA-rg7c-g689-fr3x.json: value too long for type character varying(64)

Ошибка обработки файла GHSA-54jq-c3m8-4m76.json: value too long for type character varying(64)

Ошибка обработки файла GHSA-59g6-v3vg-f7wc.json: value too long for type character varying(64)

Ошибка обработки файла GHSA-pfrv-63w8-q7rq.json: value too long for type character varying(64)

Ошибка обработки файла GHSA-5gjc-grvm-m88j.json: value too long for type character varying(64)

Ошибка обработки файла GHSA-pxx3-g568-hxr4.json: value too long for type character varying(64)

Ошибка обработки файла GHSA-7rhv-xm4q-wh42.json: value too long for type character varying(64)

Ошибка обработки файла GHSA-2phg-qgmm-r638.json: value too long for type character varying(64)

Ошибка обработки файла GHSA-j842-xgm4-wf88.json: value too long for type character varying(64)

Ошибка обработки файла GHSA-gj54-gwj9-x2c6.json: value too long for type character varying(64)

Ошибка обработки файла GHSA-92j7-wgmg-f32m.json: value too long for type character varying(64)

Ошибка обработки файла GHSA-7xwp-2cpp-p8r7.json: value too long for type character varying(64)

Ошибка обработки файла GHSA-66pp-5p9w-q87j.json: value too long for type character varying(64)

Ошибка обработки файла GHSA-79qw-g77v-2vfh.json: value too long for type character varying(64)

Ошибка обработки файла GHSA-6556-fwc2-fg2p.json: value too long for type character varying(64)

Ошибка обработки файла GHSA-5jpx-9hw9-2fx4.json: value too long for type character varying(64)

Ошибка обработки файла GHSA-xh9h-692f-mmg4.json: value too long for type character varying(64)

Ошибка обработки файла GHSA-c37v-3c8w-crq8.json: value too long for type character varying(64)

Ошибка обработки файла GHSA-rfxf-mf63-cpqv.json: value too long for type character varying(64)

Ошибка обработки файла GHSA-xcxh-6cv4-q8p8.json: value too long for type character varying(64)

Ошибка обработки файла GHSA-gmfg-3v4q-9qr4.json: value too long for type character varying(64)

Ошибка обработки файла GHSA-9mrq-cjgh-32g2.json: value too long for type character varying(64)

Ошибка обработки файла GO-2023-2331.json: value too long for type character varying(64)

Ошибка обработки файла GHSA-9f8m-9547-2gqm.json: value too long for type character varying(64)

Ошибка обработки файла GHSA-565g-hwwr-4pp3.json: value too long for type character varying(64)

Ошибка обработки файла GHSA-v8vw-gw5j-w7m6.json: value too long for type character varying(64)

Ошибка обработки файла GHSA-c87c-78rc-vmv2.json: value too long for type character varying(64)

Ошибка обработки файла GHSA-g2rq-jv54-wcpr.json: value too long for type character varying(64)

Ошибка обработки файла GHSA-28xx-pppm-vqff.json: value too long for type character varying(64)

Ошибка обработки файла GHSA-5rjg-fvgr-3xxf.json: value too long for type character varying(64)

Ошибка обработки файла GHSA-64x7-m7rh-9m83.json: value too long for type character varying(64)

Ошибка обработки файла GHSA-2qgr-gfvj-qpcr.json: value too long for type character varying(64)

Ошибка обработки файла GHSA-hq76-6gh2-5g4q.json: value too long for type character varying(64)

Ошибка обработки файла GHSA-3jqf-v4mv-747g.json: value too long for type character varying(64)

Ошибка обработки файла GHSA-6jhg-hg63-jvvf.json: value too long for type character varying(64)

Ошибка обработки файла GHSA-5hvc-6wx8-mvv4.json: value too long for type character varying(64)

Ошибка обработки файла GHSA-jjwv-57xh-xr6r.json: value too long for type character varying(64)

Ошибка обработки файла GHSA-rrf6-pxg8-684g.json: value too long for type character varying(64)

Ошибка обработки файла GHSA-73rr-hh4g-fpgx.json: value too long for type character varying(64)

Ошибка обработки файла GHSA-5mq8-78gm-pjmq.json: value too long for type character varying(64)

Ошибка обработки файла GHSA-h4rm-mm56-xf63.json: value too long for type character varying(64)

Ошибка обработки файла GHSA-7q64-3rg2-h9pf.json: value too long for type character varying(64)

Ошибка обработки файла GHSA-56r6-ccm5-8hg3.json: value too long for type character varying(64)

Ошибка обработки файла GHSA-36hm-qxxp-pg3m.json: value too long for type character varying(64)

Ошибка обработки файла GHSA-3phv-83cj-p8p7.json: value too long for type character varying(64)

Ошибка обработки файла GHSA-hjwq-mjwj-4x6c.json: value too long for type character varying(64)

Ошибка обработки файла GHSA-w832-gg5g-x44m.json: value too long for type character varying(64)

Ошибка обработки файла GHSA-37j7-fg3j-429f.json: value too long for type character varying(64)

Ошибка обработки файла GHSA-vfgx-5q85-58q3.json: value too long for type character varying(64)

Ошибка обработки файла GHSA-q9vp-3wcg-8p4x.json: value too long for type character varying(64)

Ошибка обработки файла GHSA-5r5m-65gx-7vrh.json: value too long for type character varying(64)

Ошибка обработки файла GHSA-hqf9-8xv5-x8xw.json: value too long for type character varying(64)

Ошибка обработки файла GHSA-33r8-vrx9-rmcv.json: value too long for type character varying(64)

Ошибка обработки файла GHSA-2689-cw26-6cpj.json: value too long for type character varying(64)

Ошибка обработки файла GHSA-7mc2-6phr-23xc.json: value too long for type character varying(64)

Ошибка обработки файла GHSA-m449-cwjh-6pw7.json: value too long for type character varying(64)

Ошибка обработки файла GHSA-2r8f-cf6w-x5vq.json: value too long for type character varying(64)

Ошибка обработки файла GHSA-vrch-868g-9jx5.json: value too long for type character varying(64)

Ошибка обработки файла GHSA-rq77-p4h8-4crw.json: value too long for type character varying(64)

Ошибка обработки файла GHSA-q26p-9cq4-7fc2.json: value too long for type character varying(64)

Ошибка обработки файла GHSA-6gf2-ffq8-gcww.json: value too long for type character varying(64)

Ошибка обработки файла GHSA-529f-9qwm-9628.json: value too long for type character varying(64)

Ошибка обработки файла GHSA-7cp4-jw97-3rc2.json: value too long for type character varying(64)

Ошибка обработки файла GHSA-cg4x-64p3-x59h.json: value too long for type character varying(64)

Ошибка обработки файла GHSA-pwq7-2gvj-vg9v.json: value too long for type character varying(64)

Ошибка обработки файла GHSA-q9hv-hpm4-hj6x.json: value too long for type character varying(64)

Ошибка обработки файла GHSA-p8pf-44ff-93gf.json: value too long for type character varying(64)

Ошибка обработки файла GHSA-pjv4-3c63-699f.json: value too long for type character varying(64)

Ошибка обработки файла GHSA-cjgq-5qmw-rcj6.json: value too long for type character varying(64)

Ошибка обработки файла GHSA-hcr5-wv4p-h2g2.json: value too long for type character varying(64)

Ошибка обработки файла GO-2025-3463.json: value too long for type character varying(64)

Ошибка обработки файла GHSA-hjph-f4mc-wx4c.json: value too long for type character varying(64)

Ошибка обработки файла GHSA-687h-xw6f-q2qw.json: value too long for type character varying(64)

Ошибка обработки файла GHSA-4xrr-hq4w-6vf4.json: value too long for type character varying(64)

Ошибка обработки файла GHSA-vrhm-gvg7-fpcf.json: value too long for type character varying(64)

Ошибка обработки файла GHSA-2ccx-cjjh-r2j8.json: value too long for type character varying(64)

Ошибка обработки файла GHSA-7hfw-26vp-jp8m.json: value too long for type character varying(64)

Ошибка обработки файла GHSA-rfq8-j7rh-8hf2.json: value too long for type character varying(64)

Ошибка обработки файла GHSA-rv73-9c8w-jp4c.json: value too long for type character varying(64)

Ошибка обработки файла GHSA-m2h6-4xpq-qw3m.json: value too long for type character varying(64)

Ошибка обработки файла GHSA-c6rr-7pmc-73wc.json: value too long for type character varying(64)

Ошибка обработки файла GHSA-9m7r-g8hg-x3vr.json: value too long for type character varying(64)

Ошибка обработки файла GHSA-84hm-wfh8-c5pg.json: value too long for type character varying(64)

Ошибка обработки файла GHSA-69f9-5gxw-wvc2.json: value too long for type character varying(64)

Ошибка обработки файла GHSA-4675-36f9-wf6r.json: value too long for type character varying(64)

Ошибка обработки файла GHSA-frv8-gffc-37px.json: value too long for type character varying(64)

Ошибка обработки файла GHSA-qh3j-mrg8-f234.json: value too long for type character varying(64)

Ошибка обработки файла GHSA-x4vh-j75g-268g.json: value too long for type character varying(64)

Ошибка обработки файла GHSA-223j-4rm8-mrmf.json: value too long for type character varying(64)

Ошибка обработки файла GHSA-jxmr-2h4q-rhxp.json: value too long for type character varying(64)

Ошибка обработки файла GHSA-hhfg-fwrw-87w7.json: value too long for type character varying(64)

Ошибка обработки файла GHSA-x843-g5mx-g377.json: value too long for type character varying(64)

Ошибка обработки файла GHSA-2fh4-gpch-vqv4.json: value too long for type character varying(64)

Ошибка обработки файла GHSA-45rp-9p97-h852.json: value too long for type character varying(64)

Ошибка обработки файла GHSA-5vhg-9xg4-cv9m.json: value too long for type character varying(64)

Ошибка обработки файла GHSA-f238-rggp-82m3.json: value too long for type character varying(64)

Ошибка обработки файла GHSA-86x4-wp9f-wrr9.json: value too long for type character varying(64)

Ошибка обработки файла GHSA-34q3-8x9v-j957.json: value too long for type character varying(64)

Ошибка обработки файла GHSA-6fmw-82m7-jq6p.json: value too long for type character varying(64)

Ошибка обработки файла GHSA-6phg-4wmq-h5h3.json: value too long for type character varying(64)

Ошибка обработки файла GHSA-x597-9fr4-5857.json: value too long for type character varying(64)

Ошибка обработки файла GHSA-53mq-f4w3-f7qv.json: value too long for type character varying(64)

Ошибка обработки файла GHSA-xqrq-4mgf-ff32.json: value too long for type character varying(64)

Ошибка обработки файла GHSA-jfx9-29x2-rv3j.json: value too long for type character varying(64)

Ошибка обработки файла GHSA-c2fc-9q9c-5486.json: value too long for type character varying(64)

Ошибка обработки файла GHSA-pchf-49fh-w34r.json: value too long for type character varying(64)

Ошибка обработки файла GHSA-79hx-3fp8-hj66.json: value too long for type character varying(64)

Ошибка обработки файла GHSA-527x-5wrf-22m2.json: value too long for type character varying(64)

Ошибка обработки файла GHSA-g84x-mcqj-x9qq.json: value too long for type character varying(64)

Ошибка обработки файла GHSA-pw25-c82r-75mm.json: value too long for type character varying(64)

Ошибка обработки файла GHSA-4pfg-2mw5-f8jx.json: value too long for type character varying(64)

Ошибка обработки файла GHSA-pp3g-xmm4-5cw9.json: value too long for type character varying(64)

Ошибка обработки файла GHSA-4jf8-g8wp-cx7c.json: value too long for type character varying(64)

Ошибка обработки файла GHSA-wfm2-rq5g-f8v5.json: value too long for type character varying(64)

Ошибка обработки файла GHSA-j48q-4c78-rhf9.json: value too long for type character varying(64)

Ошибка обработки файла GHSA-jr5f-v2jv-69x6.json: value too long for type character varying(64)

Ошибка обработки файла GHSA-955r-x9j8-7rhh.json: value too long for type character varying(64)

Ошибка обработки файла GHSA-hx9q-6w63-j58v.json: value too long for type character varying(64)

Ошибка обработки файла GHSA-387m-j3p9-3php.json: value too long for type character varying(64)

Ошибка обработки файла GHSA-6p68-w45g-48j7.json: value too long for type character varying(64)

Ошибка обработки файла GHSA-j6g5-p62x-58hw.json: value too long for type character varying(64)

Ошибка обработки файла GHSA-w6mr-mj53-x258.json: value too long for type character varying(64)

Ошибка обработки файла GHSA-6h8w-hrfp-pffx.json: value too long for type character varying(64)

Ошибка обработки файла GHSA-rrxm-2pvv-m66x.json: value too long for type character varying(64)

Ошибка обработки файла GHSA-p258-xmh3-72pv.json: value too long for type character varying(64)

Ошибка обработки файла GHSA-j4gv-6x9v-v23g.json: value too long for type character varying(64)

Ошибка обработки файла GHSA-c5cp-vx83-jhqx.json: value too long for type character varying(64)

Ошибка обработки файла GHSA-2977-5php-6789.json: value too long for type character varying(64)

Ошибка обработки файла GHSA-gvg8-93h5-g6qq.json: value too long for type character varying(64)

Ошибка обработки файла GHSA-9x9c-ghc5-jhw9.json: value too long for type character varying(64)

Ошибка обработки файла GHSA-mcrw-746g-9q8h.json: value too long for type character varying(64)

Ошибка обработки файла GHSA-v2mw-5mch-w8c5.json: value too long for type character varying(64)

Ошибка обработки файла GO-2024-3066.json: value too long for type character varying(64)

Ошибка обработки файла GO-2024-2750.json: value too long for type character varying(64)

Ошибка обработки файла GHSA-p998-jp59-783m.json: value too long for type character varying(64)

Ошибка обработки файла GHSA-r6h4-mm7h-8pmq.json: value too long for type character varying(64)

Ошибка обработки файла GHSA-585v-hcgf-jhfr.json: value too long for type character varying(64)

Ошибка обработки файла GHSA-w6vg-jg77-2qg6.json: value too long for type character varying(64)

Ошибка обработки файла GHSA-mq84-hjqx-cwf2.json: value too long for type character varying(64)

Ошибка обработки файла GHSA-5fvm-p68v-5wmh.json: value too long for type character varying(64)

Ошибка обработки файла GHSA-qv8j-hgpc-vrq8.json: value too long for type character varying(64)

Ошибка обработки файла GHSA-hqrf-67pm-wgfq.json: value too long for type character varying(64)

Ошибка обработки файла GHSA-hf6h-9wq7-hmjg.json: value too long for type character varying(64)

Ошибка обработки файла GHSA-fj3w-jwp8-x2g3.json: value too long for type character varying(64)

Ошибка обработки файла GHSA-89vc-vf32-ch59.json: value too long for type character varying(64)

Ошибка обработки файла GHSA-g7pc-pc7g-h8jh.json: value too long for type character varying(64)

Ошибка обработки файла GHSA-mwh4-6h8g-pg8w.json: value too long for type character varying(64)

Ошибка обработки файла GHSA-rjv5-9px2-fqw6.json: value too long for type character varying(64)

Ошибка обработки файла GHSA-p523-jq9w-64x9.json: value too long for type character varying(64)

Ошибка обработки файла GHSA-9548-qrrj-x5pj.json: value too long for type character varying(64)

Ошибка обработки файла GHSA-q8jq-4rm5-4hm5.json: value too long for type character varying(64)

Ошибка обработки файла GHSA-2mcm-79hx-8fxw.json: value too long for type character varying(64)

Ошибка обработки файла GHSA-pj86-cfqh-vqx6.json: value too long for type character varying(64)

Ошибка обработки файла GHSA-5wmg-9cvh-qw25.json: value too long for type character varying(64)

Ошибка обработки файла GHSA-wg47-6jq2-q2hh.json: value too long for type character varying(64)

Ошибка обработки файла GHSA-36rg-gfq2-3h56.json: value too long for type character varying(64)

Ошибка обработки файла GHSA-hjr9-wj7v-7hv8.json: value too long for type character varying(64)

Ошибка обработки файла GHSA-49pv-gwxp-532r.json: value too long for type character varying(64)

Ошибка обработки файла GHSA-vh9x-phq6-fx54.json: value too long for type character varying(64)

Ошибка обработки файла GHSA-v342-4xr9-x3q3.json: value too long for type character varying(64)

Ошибка обработки файла GHSA-ffrw-9mx8-89p8.json: value too long for type character varying(64)

Ошибка обработки файла GHSA-mxhj-88fx-4pcv.json: value too long for type character varying(64)

Ошибка обработки файла GHSA-3gxm-wfjx-m847.json: value too long for type character varying(64)

Ошибка обработки файла GHSA-4xc4-762w-m6cg.json: value too long for type character varying(64)

Ошибка обработки файла GHSA-rvjx-cfjh-5mc9.json: value too long for type character varying(64)

Ошибка обработки файла GHSA-q9rr-h3hx-m87g.json: value too long for type character varying(64)

Ошибка обработки файла GHSA-25g8-2mcf-fcx9.json: value too long for type character varying(64)

Ошибка обработки файла GHSA-gxp8-m5rq-3m38.json: value too long for type character varying(64)

Ошибка обработки файла GHSA-qc2h-74x3-4v3w.json: value too long for type character varying(64)

Ошибка обработки файла GHSA-r2h2-g46h-8mx8.json: value too long for type character varying(64)

Ошибка обработки файла GHSA-j9wj-m24m-7jj6.json: value too long for type character varying(64)

Ошибка обработки файла GHSA-x76f-jf84-rqj8.json: value too long for type character varying(64)

Ошибка обработки файла GHSA-33hq-fvwr-56pm.json: value too long for type character varying(64)

Ошибка обработки файла GHSA-hhh5-2cvx-vmfp.json: value too long for type character varying(64)

Ошибка обработки файла GHSA-459x-q9hg-4gpq.json: value too long for type character varying(64)

Ошибка обработки файла GHSA-h3m5-p59h-x88p.json: value too long for type character varying(64)

Ошибка обработки файла GHSA-6fgm-x6ff-w78f.json: value too long for type character varying(64)

Ошибка обработки файла GHSA-59qh-fmm7-3g9q.json: value too long for type character varying(64)

Ошибка обработки файла GHSA-9m49-p2j3-c6xm.json: value too long for type character varying(64)

Ошибка обработки файла GHSA-g966-83w7-6w38.json: value too long for type character varying(64)

Ошибка обработки файла GHSA-2v35-wj4r-rcmv.json: value too long for type character varying(64)

Ошибка обработки файла GHSA-ppwq-6v66-5m6j.json: value too long for type character varying(64)

Ошибка обработки файла GHSA-hpqf-m68j-2pfx.json: value too long for type character varying(64)

Ошибка обработки файла GHSA-vm2f-46xc-5jc3.json: value too long for type character varying(64)

Ошибка обработки файла GHSA-cr7h-93fh-whwm.json: value too long for type character varying(64)

Ошибка обработки файла GHSA-7xqm-7738-642x.json: value too long for type character varying(64)

Ошибка обработки файла GHSA-6jx8-rcjx-vmwf.json: value too long for type character varying(64)

Ошибка обработки файла GHSA-vhvq-fv9f-wh4q.json: value too long for type character varying(64)

Ошибка обработки файла GHSA-m273-6v24-x4m4.json: value too long for type character varying(64)

Ошибка обработки файла GHSA-w254-4hp5-7cvv.json: value too long for type character varying(64)

Ошибка обработки файла GHSA-mwv9-gp5h-frr4.json: value too long for type character varying(64)

Ошибка обработки файла GHSA-p34h-wq7j-h5v6.json: value too long for type character varying(64)

Ошибка обработки файла GHSA-jmr4-p576-v565.json: value too long for type character varying(64)

Ошибка обработки файла GHSA-g5mq-prx7-c588.json: value too long for type character varying(64)

Ошибка обработки файла GHSA-6jp5-hh4c-8c5h.json: value too long for type character varying(64)

Ошибка обработки файла GHSA-f786-75f3-74xj.json: value too long for type character varying(64)

Ошибка обработки файла GHSA-wfq2-52f7-7qvj.json: value too long for type character varying(64)

Ошибка обработки файла GHSA-793v-589g-574v.json: value too long for type character varying(64)

Ошибка обработки файла GHSA-526j-mv3p-f4vv.json: value too long for type character varying(64)

Ошибка обработки файла GHSA-vp6v-whfm-rv3g.json: value too long for type character varying(64)

Ошибка обработки файла GHSA-3wq7-rqq7-wx6j.json: value too long for type character varying(64)

Ошибка обработки файла GHSA-286p-vc9p-p5qv.json: value too long for type character varying(64)

Ошибка обработки файла GHSA-7jrq-q4pq-rhm6.json: value too long for type character varying(64)

Ошибка обработки файла GHSA-w62p-hx95-gf2c.json: value too long for type character varying(64)

Ошибка обработки файла GHSA-v3c9-j6h9-66v4.json: value too long for type character varying(64)

Ошибка обработки файла GHSA-pwh4-6r3m-j2rf.json: value too long for type character varying(64)

Ошибка обработки файла GHSA-8pgv-569h-w5rw.json: value too long for type character varying(64)

Ошибка обработки файла GHSA-hx52-cv84-jr5v.json: value too long for type character varying(64)

Ошибка обработки файла GHSA-799q-f2px-wx8c.json: value too long for type character varying(64)

Ошибка обработки файла GHSA-84r2-jw7c-4r5q.json: value too long for type character varying(64)

Ошибка обработки файла GHSA-pw67-xjhq-389w.json: value too long for type character varying(64)

Ошибка обработки файла GHSA-m3mq-f375-5vgh.json: value too long for type character varying(64)

Ошибка обработки файла GHSA-4v9x-cqc5-j645.json: value too long for type character varying(64)

Ошибка обработки файла GHSA-cm76-qm8v-3j95.json: value too long for type character varying(64)

Ошибка обработки файла GHSA-x7hp-r3qg-r3cj.json: value too long for type character varying(64)

Ошибка обработки файла GHSA-m4h2-mjfm-mp55.json: value too long for type character varying(64)

Ошибка обработки файла GHSA-255v-qv84-29p5.json: value too long for type character varying(64)

Ошибка обработки файла GHSA-hg3g-gphw-5hhm.json: value too long for type character varying(64)

Ошибка обработки файла GHSA-r584-6283-p7xc.json: value too long for type character varying(64)

Ошибка обработки файла GHSA-g22f-v6f7-2hrh.json: value too long for type character varying(64)

Ошибка обработки файла GHSA-5wgp-vjxm-3x2r.json: value too long for type character varying(64)

Ошибка обработки файла GHSA-rvqx-wpfh-mfx7.json: value too long for type character varying(64)

Ошибка обработки файла GHSA-6wxf-7784-62fp.json: value too long for type character varying(64)

Ошибка обработки файла GHSA-wh6m-h6f4-rjf4.json: value too long for type character varying(64)

Ошибка обработки файла GHSA-wx6g-fm6f-w822.json: value too long for type character varying(64)

Ошибка обработки файла GHSA-j8hf-cp34-g4j7.json: value too long for type character varying(64)

Ошибка обработки файла GHSA-rm59-992w-x2mv.json: value too long for type character varying(64)

Ошибка обработки файла GHSA-pfr4-4397-3hg8.json: value too long for type character varying(64)

Ошибка обработки файла GHSA-cxfp-7pvr-95ff.json: value too long for type character varying(64)

Ошибка обработки файла GHSA-wh2j-26j7-9728.json: value too long for type character varying(64)

Ошибка обработки файла GHSA-hffm-g8v7-wrv7.json: value too long for type character varying(64)

Ошибка обработки файла GHSA-p22h-3m2v-cmgh.json: value too long for type character varying(64)

Ошибка обработки файла GHSA-2j4c-9qqq-896r.json: value too long for type character varying(64)

Ошибка обработки файла GHSA-69jq-qr7w-j7qh.json: value too long for type character varying(64)

Ошибка обработки файла GHSA-p2gr-hm8g-q772.json: value too long for type character varying(64)

Ошибка обработки файла GHSA-mw96-cpmx-2vgc.json: value too long for type character varying(64)

Ошибка обработки файла GHSA-r6ph-v2qm-q3c2.json: value too long for type character varying(64)

Ошибка обработки файла GHSA-33mw-q7rj-mjwj.json: value too long for type character varying(64)

Ошибка обработки файла GHSA-49xw-vfc4-7p43.json: value too long for type character varying(64)

Ошибка обработки файла GHSA-7g56-fwxj-cm23.json: value too long for type character varying(64)

Ошибка обработки файла GHSA-5r3v-vc8m-m96g.json: value too long for type character varying(64)

Ошибка обработки файла GHSA-p2ph-7g93-hw3m.json: value too long for type character varying(64)

Ошибка обработки файла GHSA-f7f6-9jq7-3rqj.json: value too long for type character varying(64)

Ошибка обработки файла GHSA-r54c-2xmf-2cf3.json: value too long for type character varying(64)

Ошибка обработки файла GHSA-v2qh-f584-6hj8.json: value too long for type character varying(64)

Ошибка обработки файла GHSA-wrrr-8jcv-wjf5.json: value too long for type character varying(64)

Ошибка обработки файла GHSA-r3jv-xfgx-gj24.json: value too long for type character varying(64)

Ошибка обработки файла GHSA-7c78-rm87-5673.json: value too long for type character varying(64)

Ошибка обработки файла GHSA-3329-ghmp-jmv5.json: value too long for type character varying(64)

Ошибка обработки файла GHSA-r8g5-cgf2-4m4m.json: value too long for type character varying(64)

Ошибка обработки файла GHSA-qrv3-jc3h-f3m6.json: value too long for type character varying(64)

Ошибка обработки файла GHSA-68qg-g787-3rp5.json: value too long for type character varying(64)

Ошибка обработки файла GHSA-4f6g-68pf-7vhv.json: value too long for type character varying(64)

Ошибка обработки файла GHSA-r5m2-fqcf-qrf7.json: value too long for type character varying(64)

Ошибка обработки файла GHSA-mm7p-fcc7-pg87.json: value too long for type character varying(64)

Ошибка обработки файла GHSA-8wpr-639p-ccrj.json: value too long for type character varying(64)

Ошибка обработки файла GHSA-xfqm-j7pc-xrfc.json: value too long for type character varying(64)

Ошибка обработки файла GHSA-29qp-crvh-w22m.json: value too long for type character varying(64)

Ошибка обработки файла GHSA-8vq4-8hfp-29xh.json: value too long for type character varying(64)

Ошибка обработки файла GHSA-5v8v-66v8-mwm7.json: value too long for type character varying(64)

Ошибка обработки файла GHSA-wjpc-4f29-83h3.json: value too long for type character varying(64)

Ошибка обработки файла GHSA-rcjv-mgp8-qvmr.json: value too long for type character varying(64)

Ошибка обработки файла GHSA-4x49-vf9v-38px.json: value too long for type character varying(64)

Ошибка обработки файла GHSA-2p96-p7qh-4rgr.json: value too long for type character varying(64)

Ошибка обработки файла GHSA-gr7w-hmch-25g7.json: value too long for type character varying(64)

Ошибка обработки файла GHSA-3x5x-fw77-g54c.json: value too long for type character varying(64)

Ошибка обработки файла GHSA-c65f-x25w-62jv.json: value too long for type character varying(64)

Ошибка обработки файла GHSA-33f4-mjch-7fpr.json: value too long for type character varying(64)

Ошибка обработки файла GHSA-4rrr-2h4v-f3j9.json: value too long for type character varying(64)

Ошибка обработки файла GHSA-8q6v-474h-whgg.json: value too long for type character varying(64)

Ошибка обработки файла GHSA-wcj4-jw5j-44wh.json: value too long for type character varying(64)

Ошибка обработки файла GHSA-5q2p-3jg8-2m98.json: value too long for type character varying(64)

Ошибка обработки файла GHSA-mq77-rv97-285m.json: value too long for type character varying(64)

Ошибка обработки файла GHSA-qrmh-qg46-72pp.json: value too long for type character varying(64)

Ошибка обработки файла GHSA-2m9h-r57g-45pj.json: value too long for type character varying(64)

Ошибка обработки файла GHSA-g4w6-c99w-4wh7.json: value too long for type character varying(64)

Ошибка обработки файла GHSA-6f6w-6j58-rq76.json: value too long for type character varying(64)

Ошибка обработки файла GHSA-24p2-j2jr-386w.json: value too long for type character varying(64)

Ошибка обработки файла GHSA-hw34-rqc5-h2gm.json: value too long for type character varying(64)

Ошибка обработки файла GHSA-4h4x-4m75-47j4.json: value too long for type character varying(64)

Ошибка обработки файла GHSA-rx8g-88g5-qh64.json: value too long for type character varying(64)

Ошибка обработки файла GHSA-pm7q-rjjx-979p.json: value too long for type character varying(64)

Ошибка обработки файла GHSA-45rp-q25w-4426.json: value too long for type character varying(64)

Ошибка обработки файла GHSA-5m5x-9j46-h678.json: value too long for type character varying(64)

Ошибка обработки файла GHSA-hhf6-3xpg-pggx.json: value too long for type character varying(64)

Ошибка обработки файла GHSA-8v65-5fw5-23wj.json: value too long for type character varying(64)

Ошибка обработки файла GHSA-7qw8-3vmf-gj32.json: value too long for type character varying(64)

Ошибка обработки файла GHSA-6933-jpx5-q87q.json: value too long for type character varying(64)

Ошибка обработки файла GHSA-8425-8r2f-mrv6.json: value too long for type character varying(64)

Ошибка обработки файла GHSA-p4f6-h8jj-vfvf.json: value too long for type character varying(64)

Ошибка обработки файла GHSA-hfcf-79gh-f3jc.json: value too long for type character varying(64)

Ошибка обработки файла GHSA-pjwm-cr36-mwv3.json: value too long for type character varying(64)

Ошибка обработки файла GHSA-8r88-6cj9-9fh5.json: value too long for type character varying(64)

Ошибка обработки файла GO-2024-3102.json: value too long for type character varying(64)

Ошибка обработки файла GHSA-prf6-xjxh-p698.json: value too long for type character varying(64)

Ошибка обработки файла GHSA-82ff-hg59-8x73.json: value too long for type character varying(64)

Ошибка обработки файла GHSA-98x5-jw98-6c97.json: value too long for type character varying(64)

Ошибка обработки файла GHSA-w8v5-vhqr-4h9v.json: value too long for type character varying(64)

Ошибка обработки файла GHSA-3p6v-hrg8-8qj7.json: value too long for type character varying(64)

Ошибка обработки файла GHSA-528q-4pgm-wvg2.json: value too long for type character varying(64)

Ошибка обработки файла GHSA-r8c2-2qwq-94p6.json: value too long for type character varying(64)

Ошибка обработки файла GHSA-hcc4-c3v8-rx92.json: value too long for type character varying(64)

Ошибка обработки файла GHSA-vp8w-wj4m-3r7j.json: value too long for type character varying(64)

Ошибка обработки файла GHSA-rrr2-jcr8-7q3x.json: value too long for type character varying(64)

Ошибка обработки файла GHSA-x46r-mf5g-xpr6.json: value too long for type character varying(64)

Ошибка обработки файла GHSA-9p23-p2m4-2r4m.json: value too long for type character varying(64)

Ошибка обработки файла GHSA-w87r-vg9q-crqm.json: value too long for type character varying(64)

Ошибка обработки файла GHSA-5r3p-6rj5-7937.json: value too long for type character varying(64)

Ошибка обработки файла GHSA-ccc3-fvfx-mw3v.json: value too long for type character varying(64)

Ошибка обработки файла GHSA-gxhx-2686-5h9g.json: value too long for type character varying(64)

Ошибка обработки файла GHSA-6c59-mwgh-r2x6.json: value too long for type character varying(64)

Ошибка обработки файла GHSA-vp96-hxj8-p424.json: value too long for type character varying(64)

Ошибка обработки файла GHSA-2vhw-q7vh-7xv2.json: value too long for type character varying(64)

Ошибка обработки файла GHSA-9g9j-rggx-7fmg.json: value too long for type character varying(64)

Ошибка обработки файла GHSA-4p64-v8f5-r2gx.json: value too long for type character varying(64)

Ошибка обработки файла GHSA-4f9r-x588-pp2h.json: value too long for type character varying(64)

Ошибка обработки файла GHSA-rrgf-hcr9-jq6h.json: value too long for type character varying(64)

Ошибка обработки файла GHSA-jj3x-wxrx-4x23.json: value too long for type character varying(64)

Ошибка обработки файла GHSA-fpg4-jhqr-589c.json: value too long for type character varying(64)

Ошибка обработки файла GHSA-7mw3-79jq-xc7f.json: value too long for type character varying(64)

Ошибка обработки файла GHSA-2vrm-gr82-f7m5.json: value too long for type character varying(64)

Ошибка обработки файла GHSA-r3xh-3r3w-47gp.json: value too long for type character varying(64)

Ошибка обработки файла GHSA-fj52-5g4h-gmq8.json: value too long for type character varying(64)

Ошибка обработки файла GHSA-22c2-9gwg-mj59.json: value too long for type character varying(64)

Ошибка обработки файла GHSA-cq8c-xv66-36gw.json: value too long for type character varying(64)

Ошибка обработки файла GHSA-77wq-646f-jrm2.json: value too long for type character varying(64)

Ошибка обработки файла GHSA-6fxp-p9mg-q64w.json: value too long for type character varying(64)

Ошибка обработки файла GHSA-fw7p-63qq-7hpr.json: value too long for type character varying(64)

Ошибка обработки файла GHSA-m2w3-8f23-hxxf.json: value too long for type character varying(64)

Ошибка обработки файла GHSA-qmjj-p7m9-wjrv.json: value too long for type character varying(64)

Ошибка обработки файла GHSA-mqqc-3gqh-h2x8.json: value too long for type character varying(64)

Ошибка обработки файла GHSA-9q5r-wfvf-rr7f.json: value too long for type character varying(64)

Ошибка обработки файла GHSA-v895-833r-8c45.json: value too long for type character varying(64)

Ошибка обработки файла GHSA-9m3x-qqw2-h32h.json: value too long for type character varying(64)

Ошибка обработки файла GHSA-9j4f-f249-q5w8.json: value too long for type character varying(64)

Ошибка обработки файла GHSA-73h3-mf4w-8647.json: value too long for type character varying(64)

Ошибка обработки файла GHSA-gcqf-pxgg-gw8q.json: value too long for type character varying(64)

Ошибка обработки файла GHSA-9726-w42j-3qjr.json: value too long for type character varying(64)

Ошибка обработки файла GHSA-62vx-hpcr-m9ch.json: value too long for type character varying(64)

Ошибка обработки файла GHSA-425g-fjhq-5h92.json: value too long for type character varying(64)

Ошибка обработки файла GHSA-5pwr-322w-8jr4.json: value too long for type character varying(64)

Ошибка обработки файла GHSA-pw95-88fg-3j6f.json: value too long for type character varying(64)

Ошибка обработки файла GHSA-j3w7-9qc3-g96p.json: value too long for type character varying(64)

Ошибка обработки файла GHSA-q4w9-x3rv-4c8j.json: value too long for type character varying(64)

Ошибка обработки файла GHSA-4vr7-g93g-cf6m.json: value too long for type character varying(64)

Ошибка обработки файла GHSA-wx3r-v6h7-frjp.json: value too long for type character varying(64)

Ошибка обработки файла GHSA-7wc2-qxgw-g8gg.json: value too long for type character varying(64)

Ошибка обработки файла GHSA-frh7-2f84-v9mw.json: value too long for type character varying(64)

Ошибка обработки файла GHSA-fccg-7w3p-w66f.json: value too long for type character varying(64)

Ошибка обработки файла GHSA-9gvj-pp9x-gcfr.json: value too long for type character varying(64)

Ошибка обработки файла GHSA-wq2g-r956-j8cc.json: value too long for type character varying(64)

Ошибка обработки файла GHSA-p9x3-w98f-7j3q.json: value too long for type character varying(64)

Ошибка обработки файла GHSA-fmhh-rw3h-785m.json: value too long for type character varying(64)

Ошибка обработки файла GHSA-3hmw-8mw3-rmpj.json: value too long for type character varying(64)

Ошибка обработки файла GHSA-hx2h-vjw2-8r54.json: value too long for type character varying(64)

Ошибка обработки файла GHSA-4vgf-2cm4-mp7c.json: value too long for type character varying(64)

Ошибка обработки файла GHSA-v2ch-c8v8-fgr7.json: value too long for type character varying(64)

Ошибка обработки файла GHSA-jqwg-75qf-vmf9.json: value too long for type character varying(64)

Ошибка обработки файла GHSA-m7j5-r2p5-c39r.json: value too long for type character varying(64)

Ошибка обработки файла GHSA-xw6r-chmh-vpmj.json: value too long for type character varying(64)

Ошибка обработки файла GHSA-r7v6-mfhq-g3m2.json: value too long for type character varying(64)

Ошибка обработки файла GHSA-2g4f-4pwh-qvx6.json: value too long for type character varying(64)

Ошибка обработки файла GHSA-8h88-gxp3-j7pg.json: value too long for type character varying(64)

Ошибка обработки файла GHSA-mq8m-42gh-wq7r.json: value too long for type character varying(64)

Ошибка обработки файла GHSA-r277-3xc5-c79v.json: value too long for type character varying(64)

Ошибка обработки файла GHSA-9r9m-ffp6-9x4v.json: value too long for type character varying(64)

Ошибка обработки файла GHSA-6f65-4fv2-wwch.json: value too long for type character varying(64)

Ошибка обработки файла GHSA-97vp-pwqj-46qc.json: value too long for type character varying(64)

Ошибка обработки файла GHSA-q5c6-h22r-qpwr.json: value too long for type character varying(64)

Ошибка обработки файла GHSA-3hj6-r5c9-q8f3.json: value too long for type character varying(64)

Ошибка обработки файла GO-2023-2156.json: value too long for type character varying(64)

Ошибка обработки файла GHSA-gc9r-867r-j85f.json: value too long for type character varying(64)

Ошибка обработки файла GHSA-wccx-j62j-r448.json: value too long for type character varying(64)

Ошибка обработки файла GHSA-3mpm-jx38-9m8w.json: value too long for type character varying(64)

Ошибка обработки файла GHSA-3vcg-j39x-cwfm.json: value too long for type character varying(64)

Ошибка обработки файла GHSA-46j8-vpx8-6p72.json: value too long for type character varying(64)

Ошибка обработки файла GHSA-622h-h2p8-743x.json: value too long for type character varying(64)

Ошибка обработки файла GHSA-879p-475x-rqh2.json: value too long for type character varying(64)

Ошибка обработки файла GHSA-qppm-g56g-fpvp.json: value too long for type character varying(64)

Ошибка обработки файла GHSA-6r2x-8pq8-9489.json: value too long for type character varying(64)

Ошибка обработки файла GHSA-qp4c-xg64-7c6x.json: value too long for type character varying(64)

[2026-05-18 12:21:03] Найдены новые файлы. Запуск парсера...
Ошибка обработки файла GHSA-785h-76cm-cpmf.json: value too long for type character varying(64)

Ошибка обработки файла GHSA-j26g-95ph-2mwv.json: value too long for type character varying(64)

Ошибка обработки файла GHSA-569q-mpph-wgww.json: value too long for type character varying(64)

Ошибка обработки файла GHSA-95fj-3w7g-4r27.json: value too long for type character varying(64)

Ошибка обработки файла GHSA-mpp2-x7wv-38hv.json: value too long for type character varying(64)

Ошибка обработки файла GHSA-46h3-79wf-xr6c.json: value too long for type character varying(64)

Ошибка обработки файла GHSA-3558-j79f-vvm6.json: value too long for type character varying(64)

Ошибка обработки файла GHSA-2c6j-vw6r-mfch.json: value too long for type character varying(64)

Ошибка обработки файла GHSA-qhr6-mgqr-mchm.json: value too long for type character varying(64)

Ошибка обработки файла GHSA-hq75-xg7r-rx6c.json: value too long for type character varying(64)

Ошибка обработки файла GHSA-m79r-r765-5f9j.json: value too long for type character varying(64)

Ошибка обработки файла GHSA-mpfm-fpgx-647q.json: value too long for type character varying(64)

Ошибка обработки файла GHSA-fh55-r93g-j68g.json: value too long for type character varying(64)

Ошибка обработки файла GHSA-hvc7-763r-4f3h.json: value too long for type character varying(64)

Ошибка обработки файла GHSA-vr75-hjh9-7fr6.json: value too long for type character varying(64)

Ошибка обработки файла GHSA-r7r6-cc7p-4v5m.json: value too long for type character varying(64)

Ошибка обработки файла GHSA-2rw7-x74f-jg35.json: value too long for type character varying(64)

Ошибка обработки файла GHSA-q475-2pgm-7hvp.json: value too long for type character varying(64)

Ошибка обработки файла GHSA-2xv9-ghh9-xc69.json: value too long for type character varying(64)

Ошибка обработки файла GHSA-mrq8-rjmw-wpq3.json: value too long for type character varying(64)

Ошибка обработки файла GHSA-8495-4g3g-x7pr.json: value too long for type character varying(64)

Ошибка обработки файла GHSA-rq9r-qvwg-829q.json: value too long for type character varying(64)

Ошибка обработки файла GHSA-pmjj-h5jm-vxh4.json: value too long for type character varying(64)

Ошибка обработки файла GHSA-rf6f-7fwh-wjgh.json: value too long for type character varying(64)

Ошибка обработки файла GHSA-g2f6-pwvx-r275.json: value too long for type character varying(64)

Ошибка обработки файла GO-2023-2113.json: value too long for type character varying(64)

Ошибка обработки файла GHSA-hg3j-6pmh-mvjr.json: value too long for type character varying(64)

Ошибка обработки файла GHSA-57r2-h2wj-g887.json: value too long for type character varying(64)

Ошибка обработки файла GHSA-vh4h-fvqf-q9wv.json: value too long for type character varying(64)

Ошибка обработки файла GHSA-4mhv-8rh3-4ghw.json: value too long for type character varying(64)

Ошибка обработки файла GHSA-vr63-x8vc-m265.json: value too long for type character varying(64)

Ошибка обработки файла GHSA-3mv9-4h5g-vhg3.json: value too long for type character varying(64)

Ошибка обработки файла GHSA-q82r-2j7m-9rv4.json: value too long for type character varying(64)

Ошибка обработки файла GHSA-9jfh-9xrq-4vwm.json: value too long for type character varying(64)

Ошибка обработки файла GHSA-9gjj-6gj7-c4wj.json: value too long for type character varying(64)

Ошибка обработки файла GHSA-6943-qr24-82vx.json: value too long for type character varying(64)

Ошибка обработки файла GHSA-mpmc-qchh-r9q8.json: value too long for type character varying(64)

Ошибка обработки файла GHSA-g2h5-cvvr-7gmw.json: value too long for type character varying(64)

Ошибка обработки файла GHSA-2wcm-vx67-3x4q.json: value too long for type character varying(64)

Ошибка обработки файла GHSA-832w-fhmw-w4f4.json: value too long for type character varying(64)

Ошибка обработки файла GHSA-2657-3c98-63jq.json: value too long for type character varying(64)

Ошибка обработки файла GHSA-v7c4-33vf-cqqq.json: value too long for type character varying(64)

Ошибка обработки файла GHSA-m929-rg27-gj99.json: value too long for type character varying(64)

Ошибка обработки файла GHSA-4rh7-jwg9-m28m.json: value too long for type character varying(64)

Ошибка обработки файла GHSA-cv54-7wv7-qxcw.json: value too long for type character varying(64)

Ошибка обработки файла GHSA-vqmv-47xg-9wpr.json: value too long for type character varying(64)

Ошибка обработки файла GHSA-q5qq-mvfm-j35x.json: value too long for type character varying(64)

Ошибка обработки файла GHSA-r2rv-8pp3-65xw.json: value too long for type character varying(64)

Ошибка обработки файла GHSA-mwm9-4648-f68q.json: value too long for type character varying(64)

Ошибка обработки файла GHSA-3jhf-gxhr-q4cx.json: value too long for type character varying(64)

Ошибка обработки файла GHSA-9rhg-254w-fh9x.json: value too long for type character varying(64)

Ошибка обработки файла GHSA-pc5g-j9j7-p4q3.json: value too long for type character varying(64)

Ошибка обработки файла GHSA-5hwf-rc88-82xm.json: value too long for type character varying(64)

Ошибка обработки файла GHSA-mf5g-6r6f-ghhm.json: value too long for type character varying(64)

Ошибка обработки файла GHSA-j424-mc44-f4hj.json: value too long for type character varying(64)

Ошибка обработки файла GHSA-wgc6-9f6w-h8hx.json: value too long for type character varying(64)

Ошибка обработки файла GHSA-7899-w6c4-vqc4.json: value too long for type character varying(64)

Ошибка обработки файла GHSA-w8rr-5gcm-pp58.json: value too long for type character varying(64)

Ошибка обработки файла GHSA-w6rp-vxj2-fjhr.json: value too long for type character varying(64)

Ошибка обработки файла GHSA-87mj-5ggw-8qc3.json: value too long for type character varying(64)

Ошибка обработки файла GHSA-pjr6-jx7r-j4r6.json: value too long for type character varying(64)

Ошибка обработки файла GHSA-5jvp-m9h4-253h.json: value too long for type character varying(64)

Ошибка обработки файла GHSA-rg7c-g689-fr3x.json: value too long for type character varying(64)

Ошибка обработки файла GHSA-54jq-c3m8-4m76.json: value too long for type character varying(64)

Ошибка обработки файла GHSA-59g6-v3vg-f7wc.json: value too long for type character varying(64)

Ошибка обработки файла GHSA-pfrv-63w8-q7rq.json: value too long for type character varying(64)

Ошибка обработки файла GHSA-5gjc-grvm-m88j.json: value too long for type character varying(64)

Ошибка обработки файла GHSA-pxx3-g568-hxr4.json: value too long for type character varying(64)

Ошибка обработки файла GHSA-7rhv-xm4q-wh42.json: value too long for type character varying(64)

Ошибка обработки файла GHSA-2phg-qgmm-r638.json: value too long for type character varying(64)

Ошибка обработки файла GHSA-j842-xgm4-wf88.json: value too long for type character varying(64)

Ошибка обработки файла GHSA-gj54-gwj9-x2c6.json: value too long for type character varying(64)

Ошибка обработки файла GHSA-92j7-wgmg-f32m.json: value too long for type character varying(64)

Ошибка обработки файла GHSA-7xwp-2cpp-p8r7.json: value too long for type character varying(64)

Ошибка обработки файла GHSA-66pp-5p9w-q87j.json: value too long for type character varying(64)

Ошибка обработки файла GHSA-79qw-g77v-2vfh.json: value too long for type character varying(64)

Ошибка обработки файла GHSA-6556-fwc2-fg2p.json: value too long for type character varying(64)

Ошибка обработки файла GHSA-5jpx-9hw9-2fx4.json: value too long for type character varying(64)

Ошибка обработки файла GHSA-xh9h-692f-mmg4.json: value too long for type character varying(64)

Ошибка обработки файла GHSA-c37v-3c8w-crq8.json: value too long for type character varying(64)

Ошибка обработки файла GHSA-rfxf-mf63-cpqv.json: value too long for type character varying(64)

Ошибка обработки файла GHSA-xcxh-6cv4-q8p8.json: value too long for type character varying(64)

Ошибка обработки файла GHSA-gmfg-3v4q-9qr4.json: value too long for type character varying(64)

Ошибка обработки файла GHSA-9mrq-cjgh-32g2.json: value too long for type character varying(64)

Ошибка обработки файла GO-2023-2331.json: value too long for type character varying(64)

Ошибка обработки файла GHSA-9f8m-9547-2gqm.json: value too long for type character varying(64)

Ошибка обработки файла GHSA-565g-hwwr-4pp3.json: value too long for type character varying(64)

Ошибка обработки файла GHSA-v8vw-gw5j-w7m6.json: value too long for type character varying(64)

Ошибка обработки файла GHSA-c87c-78rc-vmv2.json: value too long for type character varying(64)

Ошибка обработки файла GHSA-g2rq-jv54-wcpr.json: value too long for type character varying(64)

Ошибка обработки файла GHSA-28xx-pppm-vqff.json: value too long for type character varying(64)

Ошибка обработки файла GHSA-5rjg-fvgr-3xxf.json: value too long for type character varying(64)

Ошибка обработки файла GHSA-64x7-m7rh-9m83.json: value too long for type character varying(64)

Ошибка обработки файла GHSA-2qgr-gfvj-qpcr.json: value too long for type character varying(64)

Ошибка обработки файла GHSA-hq76-6gh2-5g4q.json: value too long for type character varying(64)

Ошибка обработки файла GHSA-3jqf-v4mv-747g.json: value too long for type character varying(64)

Ошибка обработки файла GHSA-6jhg-hg63-jvvf.json: value too long for type character varying(64)

Ошибка обработки файла GHSA-5hvc-6wx8-mvv4.json: value too long for type character varying(64)

Ошибка обработки файла GHSA-jjwv-57xh-xr6r.json: value too long for type character varying(64)

Ошибка обработки файла GHSA-rrf6-pxg8-684g.json: value too long for type character varying(64)

Ошибка обработки файла GHSA-73rr-hh4g-fpgx.json: value too long for type character varying(64)

Ошибка обработки файла GHSA-5mq8-78gm-pjmq.json: value too long for type character varying(64)

Ошибка обработки файла GHSA-h4rm-mm56-xf63.json: value too long for type character varying(64)

Ошибка обработки файла GHSA-7q64-3rg2-h9pf.json: value too long for type character varying(64)

Ошибка обработки файла GHSA-56r6-ccm5-8hg3.json: value too long for type character varying(64)

Ошибка обработки файла GHSA-36hm-qxxp-pg3m.json: value too long for type character varying(64)

Ошибка обработки файла GHSA-3phv-83cj-p8p7.json: value too long for type character varying(64)

Ошибка обработки файла GHSA-hjwq-mjwj-4x6c.json: value too long for type character varying(64)

Ошибка обработки файла GHSA-w832-gg5g-x44m.json: value too long for type character varying(64)

Ошибка обработки файла GHSA-37j7-fg3j-429f.json: value too long for type character varying(64)

Ошибка обработки файла GHSA-vfgx-5q85-58q3.json: value too long for type character varying(64)

Ошибка обработки файла GHSA-q9vp-3wcg-8p4x.json: value too long for type character varying(64)

Ошибка обработки файла GHSA-5r5m-65gx-7vrh.json: value too long for type character varying(64)

Ошибка обработки файла GHSA-hqf9-8xv5-x8xw.json: value too long for type character varying(64)

Ошибка обработки файла GHSA-33r8-vrx9-rmcv.json: value too long for type character varying(64)

Ошибка обработки файла GHSA-2689-cw26-6cpj.json: value too long for type character varying(64)

Ошибка обработки файла GHSA-7mc2-6phr-23xc.json: value too long for type character varying(64)

Ошибка обработки файла GHSA-m449-cwjh-6pw7.json: value too long for type character varying(64)

Ошибка обработки файла GHSA-2r8f-cf6w-x5vq.json: value too long for type character varying(64)

Ошибка обработки файла GHSA-vrch-868g-9jx5.json: value too long for type character varying(64)

Ошибка обработки файла GHSA-rq77-p4h8-4crw.json: value too long for type character varying(64)

Ошибка обработки файла GHSA-q26p-9cq4-7fc2.json: value too long for type character varying(64)

Ошибка обработки файла GHSA-6gf2-ffq8-gcww.json: value too long for type character varying(64)

Ошибка обработки файла GHSA-529f-9qwm-9628.json: value too long for type character varying(64)

Ошибка обработки файла GHSA-7cp4-jw97-3rc2.json: value too long for type character varying(64)

Ошибка обработки файла GHSA-cg4x-64p3-x59h.json: value too long for type character varying(64)

Ошибка обработки файла GHSA-pwq7-2gvj-vg9v.json: value too long for type character varying(64)

Ошибка обработки файла GHSA-q9hv-hpm4-hj6x.json: value too long for type character varying(64)

Ошибка обработки файла GHSA-p8pf-44ff-93gf.json: value too long for type character varying(64)

Ошибка обработки файла GHSA-pjv4-3c63-699f.json: value too long for type character varying(64)

Ошибка обработки файла GHSA-cjgq-5qmw-rcj6.json: value too long for type character varying(64)

Ошибка обработки файла GHSA-hcr5-wv4p-h2g2.json: value too long for type character varying(64)

Ошибка обработки файла GO-2025-3463.json: value too long for type character varying(64)

Ошибка обработки файла GHSA-hjph-f4mc-wx4c.json: value too long for type character varying(64)

Ошибка обработки файла GHSA-687h-xw6f-q2qw.json: value too long for type character varying(64)

Ошибка обработки файла GHSA-4xrr-hq4w-6vf4.json: value too long for type character varying(64)

Ошибка обработки файла GHSA-vrhm-gvg7-fpcf.json: value too long for type character varying(64)

Ошибка обработки файла GHSA-2ccx-cjjh-r2j8.json: value too long for type character varying(64)

Ошибка обработки файла GHSA-7hfw-26vp-jp8m.json: value too long for type character varying(64)

Ошибка обработки файла GHSA-rfq8-j7rh-8hf2.json: value too long for type character varying(64)

Ошибка обработки файла GHSA-rv73-9c8w-jp4c.json: value too long for type character varying(64)

Ошибка обработки файла GHSA-m2h6-4xpq-qw3m.json: value too long for type character varying(64)

Ошибка обработки файла GHSA-c6rr-7pmc-73wc.json: value too long for type character varying(64)

Ошибка обработки файла GHSA-9m7r-g8hg-x3vr.json: value too long for type character varying(64)

Ошибка обработки файла GHSA-84hm-wfh8-c5pg.json: value too long for type character varying(64)

Ошибка обработки файла GHSA-69f9-5gxw-wvc2.json: value too long for type character varying(64)

Ошибка обработки файла GHSA-4675-36f9-wf6r.json: value too long for type character varying(64)

Ошибка обработки файла GHSA-frv8-gffc-37px.json: value too long for type character varying(64)

Ошибка обработки файла GHSA-qh3j-mrg8-f234.json: value too long for type character varying(64)

Ошибка обработки файла GHSA-x4vh-j75g-268g.json: value too long for type character varying(64)

Ошибка обработки файла GHSA-223j-4rm8-mrmf.json: value too long for type character varying(64)

Ошибка обработки файла GHSA-jxmr-2h4q-rhxp.json: value too long for type character varying(64)

Ошибка обработки файла GHSA-hhfg-fwrw-87w7.json: value too long for type character varying(64)

Ошибка обработки файла GHSA-x843-g5mx-g377.json: value too long for type character varying(64)

Ошибка обработки файла GHSA-2fh4-gpch-vqv4.json: value too long for type character varying(64)

Ошибка обработки файла GHSA-45rp-9p97-h852.json: value too long for type character varying(64)

Ошибка обработки файла GHSA-5vhg-9xg4-cv9m.json: value too long for type character varying(64)

Ошибка обработки файла GHSA-f238-rggp-82m3.json: value too long for type character varying(64)

Ошибка обработки файла GHSA-86x4-wp9f-wrr9.json: value too long for type character varying(64)

Ошибка обработки файла GHSA-34q3-8x9v-j957.json: value too long for type character varying(64)

Ошибка обработки файла GHSA-6fmw-82m7-jq6p.json: value too long for type character varying(64)

Ошибка обработки файла GHSA-6phg-4wmq-h5h3.json: value too long for type character varying(64)

Ошибка обработки файла GHSA-x597-9fr4-5857.json: value too long for type character varying(64)

Ошибка обработки файла GHSA-53mq-f4w3-f7qv.json: value too long for type character varying(64)

Ошибка обработки файла GHSA-xqrq-4mgf-ff32.json: value too long for type character varying(64)

Ошибка обработки файла GHSA-jfx9-29x2-rv3j.json: value too long for type character varying(64)

Ошибка обработки файла GHSA-c2fc-9q9c-5486.json: value too long for type character varying(64)

Ошибка обработки файла GHSA-pchf-49fh-w34r.json: value too long for type character varying(64)

Ошибка обработки файла GHSA-79hx-3fp8-hj66.json: value too long for type character varying(64)

Ошибка обработки файла GHSA-527x-5wrf-22m2.json: value too long for type character varying(64)

Ошибка обработки файла GHSA-g84x-mcqj-x9qq.json: value too long for type character varying(64)

Ошибка обработки файла GHSA-pw25-c82r-75mm.json: value too long for type character varying(64)

Ошибка обработки файла GHSA-4pfg-2mw5-f8jx.json: value too long for type character varying(64)

Ошибка обработки файла GHSA-pp3g-xmm4-5cw9.json: value too long for type character varying(64)

Ошибка обработки файла GHSA-4jf8-g8wp-cx7c.json: value too long for type character varying(64)

Ошибка обработки файла GHSA-wfm2-rq5g-f8v5.json: value too long for type character varying(64)

Ошибка обработки файла GHSA-j48q-4c78-rhf9.json: value too long for type character varying(64)

Ошибка обработки файла GHSA-jr5f-v2jv-69x6.json: value too long for type character varying(64)

Ошибка обработки файла GHSA-955r-x9j8-7rhh.json: value too long for type character varying(64)

Ошибка обработки файла GHSA-hx9q-6w63-j58v.json: value too long for type character varying(64)

Ошибка обработки файла GHSA-387m-j3p9-3php.json: value too long for type character varying(64)

Ошибка обработки файла GHSA-6p68-w45g-48j7.json: value too long for type character varying(64)

Ошибка обработки файла GHSA-j6g5-p62x-58hw.json: value too long for type character varying(64)

Ошибка обработки файла GHSA-w6mr-mj53-x258.json: value too long for type character varying(64)

Ошибка обработки файла GHSA-6h8w-hrfp-pffx.json: value too long for type character varying(64)

Ошибка обработки файла GHSA-rrxm-2pvv-m66x.json: value too long for type character varying(64)

Ошибка обработки файла GHSA-p258-xmh3-72pv.json: value too long for type character varying(64)

Ошибка обработки файла GHSA-j4gv-6x9v-v23g.json: value too long for type character varying(64)

Ошибка обработки файла GHSA-c5cp-vx83-jhqx.json: value too long for type character varying(64)

Ошибка обработки файла GHSA-2977-5php-6789.json: value too long for type character varying(64)

Ошибка обработки файла GHSA-gvg8-93h5-g6qq.json: value too long for type character varying(64)

Ошибка обработки файла GHSA-9x9c-ghc5-jhw9.json: value too long for type character varying(64)

Ошибка обработки файла GHSA-mcrw-746g-9q8h.json: value too long for type character varying(64)

Ошибка обработки файла GHSA-v2mw-5mch-w8c5.json: value too long for type character varying(64)

Ошибка обработки файла GO-2024-3066.json: value too long for type character varying(64)

Ошибка обработки файла GO-2024-2750.json: value too long for type character varying(64)

Ошибка обработки файла GHSA-p998-jp59-783m.json: value too long for type character varying(64)

Ошибка обработки файла GHSA-r6h4-mm7h-8pmq.json: value too long for type character varying(64)

Ошибка обработки файла GHSA-585v-hcgf-jhfr.json: value too long for type character varying(64)

Ошибка обработки файла GHSA-w6vg-jg77-2qg6.json: value too long for type character varying(64)

Ошибка обработки файла GHSA-mq84-hjqx-cwf2.json: value too long for type character varying(64)

Ошибка обработки файла GHSA-5fvm-p68v-5wmh.json: value too long for type character varying(64)

Ошибка обработки файла GHSA-qv8j-hgpc-vrq8.json: value too long for type character varying(64)

Ошибка обработки файла GHSA-hqrf-67pm-wgfq.json: value too long for type character varying(64)

Ошибка обработки файла GHSA-hf6h-9wq7-hmjg.json: value too long for type character varying(64)

Ошибка обработки файла GHSA-fj3w-jwp8-x2g3.json: value too long for type character varying(64)

Ошибка обработки файла GHSA-89vc-vf32-ch59.json: value too long for type character varying(64)

Ошибка обработки файла GHSA-g7pc-pc7g-h8jh.json: value too long for type character varying(64)

Ошибка обработки файла GHSA-mwh4-6h8g-pg8w.json: value too long for type character varying(64)

Ошибка обработки файла GHSA-rjv5-9px2-fqw6.json: value too long for type character varying(64)

Ошибка обработки файла GHSA-p523-jq9w-64x9.json: value too long for type character varying(64)

Ошибка обработки файла GHSA-9548-qrrj-x5pj.json: value too long for type character varying(64)

Ошибка обработки файла GHSA-q8jq-4rm5-4hm5.json: value too long for type character varying(64)

Ошибка обработки файла GHSA-2mcm-79hx-8fxw.json: value too long for type character varying(64)

Ошибка обработки файла GHSA-pj86-cfqh-vqx6.json: value too long for type character varying(64)

Ошибка обработки файла GHSA-5wmg-9cvh-qw25.json: value too long for type character varying(64)

Ошибка обработки файла GHSA-wg47-6jq2-q2hh.json: value too long for type character varying(64)

Ошибка обработки файла GHSA-36rg-gfq2-3h56.json: value too long for type character varying(64)

Ошибка обработки файла GHSA-hjr9-wj7v-7hv8.json: value too long for type character varying(64)

Ошибка обработки файла GHSA-49pv-gwxp-532r.json: value too long for type character varying(64)

Ошибка обработки файла GHSA-vh9x-phq6-fx54.json: value too long for type character varying(64)

Ошибка обработки файла GHSA-v342-4xr9-x3q3.json: value too long for type character varying(64)

Ошибка обработки файла GHSA-ffrw-9mx8-89p8.json: value too long for type character varying(64)

Ошибка обработки файла GHSA-mxhj-88fx-4pcv.json: value too long for type character varying(64)

Ошибка обработки файла GHSA-3gxm-wfjx-m847.json: value too long for type character varying(64)

Ошибка обработки файла GHSA-4xc4-762w-m6cg.json: value too long for type character varying(64)

Ошибка обработки файла GHSA-rvjx-cfjh-5mc9.json: value too long for type character varying(64)

Ошибка обработки файла GHSA-q9rr-h3hx-m87g.json: value too long for type character varying(64)

Ошибка обработки файла GHSA-25g8-2mcf-fcx9.json: value too long for type character varying(64)

Ошибка обработки файла GHSA-gxp8-m5rq-3m38.json: value too long for type character varying(64)

Ошибка обработки файла GHSA-qc2h-74x3-4v3w.json: value too long for type character varying(64)

Ошибка обработки файла GHSA-r2h2-g46h-8mx8.json: value too long for type character varying(64)

Ошибка обработки файла GHSA-j9wj-m24m-7jj6.json: value too long for type character varying(64)

Ошибка обработки файла GHSA-x76f-jf84-rqj8.json: value too long for type character varying(64)

Ошибка обработки файла GHSA-33hq-fvwr-56pm.json: value too long for type character varying(64)

Ошибка обработки файла GHSA-hhh5-2cvx-vmfp.json: value too long for type character varying(64)

Ошибка обработки файла GHSA-459x-q9hg-4gpq.json: value too long for type character varying(64)

Ошибка обработки файла GHSA-h3m5-p59h-x88p.json: value too long for type character varying(64)

Ошибка обработки файла GHSA-6fgm-x6ff-w78f.json: value too long for type character varying(64)

Ошибка обработки файла GHSA-59qh-fmm7-3g9q.json: value too long for type character varying(64)

Ошибка обработки файла GHSA-9m49-p2j3-c6xm.json: value too long for type character varying(64)

Ошибка обработки файла GHSA-g966-83w7-6w38.json: value too long for type character varying(64)

Ошибка обработки файла GHSA-2v35-wj4r-rcmv.json: value too long for type character varying(64)

Ошибка обработки файла GHSA-ppwq-6v66-5m6j.json: value too long for type character varying(64)

Ошибка обработки файла GHSA-hpqf-m68j-2pfx.json: value too long for type character varying(64)

Ошибка обработки файла GHSA-vm2f-46xc-5jc3.json: value too long for type character varying(64)

Ошибка обработки файла GHSA-cr7h-93fh-whwm.json: value too long for type character varying(64)

Ошибка обработки файла GHSA-7xqm-7738-642x.json: value too long for type character varying(64)

Ошибка обработки файла GHSA-6jx8-rcjx-vmwf.json: value too long for type character varying(64)

Ошибка обработки файла GHSA-vhvq-fv9f-wh4q.json: value too long for type character varying(64)

Ошибка обработки файла GHSA-m273-6v24-x4m4.json: value too long for type character varying(64)

Ошибка обработки файла GHSA-w254-4hp5-7cvv.json: value too long for type character varying(64)

Ошибка обработки файла GHSA-mwv9-gp5h-frr4.json: value too long for type character varying(64)

Ошибка обработки файла GHSA-p34h-wq7j-h5v6.json: value too long for type character varying(64)

Ошибка обработки файла GHSA-jmr4-p576-v565.json: value too long for type character varying(64)

Ошибка обработки файла GHSA-g5mq-prx7-c588.json: value too long for type character varying(64)

Ошибка обработки файла GHSA-6jp5-hh4c-8c5h.json: value too long for type character varying(64)

Ошибка обработки файла GHSA-f786-75f3-74xj.json: value too long for type character varying(64)

Ошибка обработки файла GHSA-wfq2-52f7-7qvj.json: value too long for type character varying(64)

Ошибка обработки файла GHSA-793v-589g-574v.json: value too long for type character varying(64)

Ошибка обработки файла GHSA-526j-mv3p-f4vv.json: value too long for type character varying(64)

Ошибка обработки файла GHSA-vp6v-whfm-rv3g.json: value too long for type character varying(64)

Ошибка обработки файла GHSA-3wq7-rqq7-wx6j.json: value too long for type character varying(64)

Ошибка обработки файла GHSA-286p-vc9p-p5qv.json: value too long for type character varying(64)

Ошибка обработки файла GHSA-7jrq-q4pq-rhm6.json: value too long for type character varying(64)

Ошибка обработки файла GHSA-w62p-hx95-gf2c.json: value too long for type character varying(64)

Ошибка обработки файла GHSA-v3c9-j6h9-66v4.json: value too long for type character varying(64)

Ошибка обработки файла GHSA-pwh4-6r3m-j2rf.json: value too long for type character varying(64)

Ошибка обработки файла GHSA-8pgv-569h-w5rw.json: value too long for type character varying(64)

Ошибка обработки файла GHSA-hx52-cv84-jr5v.json: value too long for type character varying(64)

Ошибка обработки файла GHSA-799q-f2px-wx8c.json: value too long for type character varying(64)

Ошибка обработки файла GHSA-84r2-jw7c-4r5q.json: value too long for type character varying(64)

Ошибка обработки файла GHSA-pw67-xjhq-389w.json: value too long for type character varying(64)

Ошибка обработки файла GHSA-m3mq-f375-5vgh.json: value too long for type character varying(64)

Ошибка обработки файла GHSA-4v9x-cqc5-j645.json: value too long for type character varying(64)

Ошибка обработки файла GHSA-cm76-qm8v-3j95.json: value too long for type character varying(64)

Ошибка обработки файла GHSA-x7hp-r3qg-r3cj.json: value too long for type character varying(64)

Ошибка обработки файла GHSA-m4h2-mjfm-mp55.json: value too long for type character varying(64)

Ошибка обработки файла GHSA-255v-qv84-29p5.json: value too long for type character varying(64)

Ошибка обработки файла GHSA-hg3g-gphw-5hhm.json: value too long for type character varying(64)

Ошибка обработки файла GHSA-r584-6283-p7xc.json: value too long for type character varying(64)

Ошибка обработки файла GHSA-g22f-v6f7-2hrh.json: value too long for type character varying(64)

Ошибка обработки файла GHSA-5wgp-vjxm-3x2r.json: value too long for type character varying(64)

Ошибка обработки файла GHSA-rvqx-wpfh-mfx7.json: value too long for type character varying(64)

Ошибка обработки файла GHSA-6wxf-7784-62fp.json: value too long for type character varying(64)

Ошибка обработки файла GHSA-wh6m-h6f4-rjf4.json: value too long for type character varying(64)

Ошибка обработки файла GHSA-wx6g-fm6f-w822.json: value too long for type character varying(64)

Ошибка обработки файла GHSA-j8hf-cp34-g4j7.json: value too long for type character varying(64)

Ошибка обработки файла GHSA-rm59-992w-x2mv.json: value too long for type character varying(64)

Ошибка обработки файла GHSA-pfr4-4397-3hg8.json: value too long for type character varying(64)

Ошибка обработки файла GHSA-cxfp-7pvr-95ff.json: value too long for type character varying(64)

Ошибка обработки файла GHSA-wh2j-26j7-9728.json: value too long for type character varying(64)

Ошибка обработки файла GHSA-hffm-g8v7-wrv7.json: value too long for type character varying(64)

Ошибка обработки файла GHSA-p22h-3m2v-cmgh.json: value too long for type character varying(64)

Ошибка обработки файла GHSA-2j4c-9qqq-896r.json: value too long for type character varying(64)

Ошибка обработки файла GHSA-69jq-qr7w-j7qh.json: value too long for type character varying(64)

Ошибка обработки файла GHSA-p2gr-hm8g-q772.json: value too long for type character varying(64)

Ошибка обработки файла GHSA-mw96-cpmx-2vgc.json: value too long for type character varying(64)

Ошибка обработки файла GHSA-r6ph-v2qm-q3c2.json: value too long for type character varying(64)

Ошибка обработки файла GHSA-33mw-q7rj-mjwj.json: value too long for type character varying(64)

Ошибка обработки файла GHSA-49xw-vfc4-7p43.json: value too long for type character varying(64)

Ошибка обработки файла GHSA-7g56-fwxj-cm23.json: value too long for type character varying(64)

Ошибка обработки файла GHSA-5r3v-vc8m-m96g.json: value too long for type character varying(64)

Ошибка обработки файла GHSA-p2ph-7g93-hw3m.json: value too long for type character varying(64)

Ошибка обработки файла GHSA-f7f6-9jq7-3rqj.json: value too long for type character varying(64)

Ошибка обработки файла GHSA-r54c-2xmf-2cf3.json: value too long for type character varying(64)

Ошибка обработки файла GHSA-v2qh-f584-6hj8.json: value too long for type character varying(64)

Ошибка обработки файла GHSA-wrrr-8jcv-wjf5.json: value too long for type character varying(64)

Ошибка обработки файла GHSA-r3jv-xfgx-gj24.json: value too long for type character varying(64)

Ошибка обработки файла GHSA-7c78-rm87-5673.json: value too long for type character varying(64)

Ошибка обработки файла GHSA-3329-ghmp-jmv5.json: value too long for type character varying(64)

Ошибка обработки файла GHSA-r8g5-cgf2-4m4m.json: value too long for type character varying(64)

Ошибка обработки файла GHSA-qrv3-jc3h-f3m6.json: value too long for type character varying(64)

Ошибка обработки файла GHSA-68qg-g787-3rp5.json: value too long for type character varying(64)

Ошибка обработки файла GHSA-4f6g-68pf-7vhv.json: value too long for type character varying(64)

Ошибка обработки файла GHSA-r5m2-fqcf-qrf7.json: value too long for type character varying(64)

Ошибка обработки файла GHSA-mm7p-fcc7-pg87.json: value too long for type character varying(64)

Ошибка обработки файла GHSA-8wpr-639p-ccrj.json: value too long for type character varying(64)

Ошибка обработки файла GHSA-xfqm-j7pc-xrfc.json: value too long for type character varying(64)

Ошибка обработки файла GHSA-29qp-crvh-w22m.json: value too long for type character varying(64)

Ошибка обработки файла GHSA-8vq4-8hfp-29xh.json: value too long for type character varying(64)

Ошибка обработки файла GHSA-5v8v-66v8-mwm7.json: value too long for type character varying(64)

Ошибка обработки файла GHSA-wjpc-4f29-83h3.json: value too long for type character varying(64)

Ошибка обработки файла GHSA-rcjv-mgp8-qvmr.json: value too long for type character varying(64)

Ошибка обработки файла GHSA-4x49-vf9v-38px.json: value too long for type character varying(64)

Ошибка обработки файла GHSA-2p96-p7qh-4rgr.json: value too long for type character varying(64)

Ошибка обработки файла GHSA-gr7w-hmch-25g7.json: value too long for type character varying(64)

Ошибка обработки файла GHSA-3x5x-fw77-g54c.json: value too long for type character varying(64)

Ошибка обработки файла GHSA-c65f-x25w-62jv.json: value too long for type character varying(64)

Ошибка обработки файла GHSA-33f4-mjch-7fpr.json: value too long for type character varying(64)

Ошибка обработки файла GHSA-4rrr-2h4v-f3j9.json: value too long for type character varying(64)

Ошибка обработки файла GHSA-8q6v-474h-whgg.json: value too long for type character varying(64)

Ошибка обработки файла GHSA-wcj4-jw5j-44wh.json: value too long for type character varying(64)

Ошибка обработки файла GHSA-5q2p-3jg8-2m98.json: value too long for type character varying(64)

Ошибка обработки файла GHSA-mq77-rv97-285m.json: value too long for type character varying(64)

Ошибка обработки файла GHSA-qrmh-qg46-72pp.json: value too long for type character varying(64)

Ошибка обработки файла GHSA-2m9h-r57g-45pj.json: value too long for type character varying(64)

Ошибка обработки файла GHSA-g4w6-c99w-4wh7.json: value too long for type character varying(64)

Ошибка обработки файла GHSA-6f6w-6j58-rq76.json: value too long for type character varying(64)

Ошибка обработки файла GHSA-24p2-j2jr-386w.json: value too long for type character varying(64)

Ошибка обработки файла GHSA-hw34-rqc5-h2gm.json: value too long for type character varying(64)

Ошибка обработки файла GHSA-4h4x-4m75-47j4.json: value too long for type character varying(64)

Ошибка обработки файла GHSA-rx8g-88g5-qh64.json: value too long for type character varying(64)

Ошибка обработки файла GHSA-pm7q-rjjx-979p.json: value too long for type character varying(64)

Ошибка обработки файла GHSA-45rp-q25w-4426.json: value too long for type character varying(64)

Ошибка обработки файла GHSA-5m5x-9j46-h678.json: value too long for type character varying(64)

Ошибка обработки файла GHSA-hhf6-3xpg-pggx.json: value too long for type character varying(64)

Ошибка обработки файла GHSA-8v65-5fw5-23wj.json: value too long for type character varying(64)

Ошибка обработки файла GHSA-7qw8-3vmf-gj32.json: value too long for type character varying(64)

Ошибка обработки файла GHSA-6933-jpx5-q87q.json: value too long for type character varying(64)

Ошибка обработки файла GHSA-8425-8r2f-mrv6.json: value too long for type character varying(64)

Ошибка обработки файла GHSA-p4f6-h8jj-vfvf.json: value too long for type character varying(64)

Ошибка обработки файла GHSA-hfcf-79gh-f3jc.json: value too long for type character varying(64)

Ошибка обработки файла GHSA-pjwm-cr36-mwv3.json: value too long for type character varying(64)

Ошибка обработки файла GHSA-8r88-6cj9-9fh5.json: value too long for type character varying(64)

Ошибка обработки файла GO-2024-3102.json: value too long for type character varying(64)

Ошибка обработки файла GHSA-prf6-xjxh-p698.json: value too long for type character varying(64)

Ошибка обработки файла GHSA-82ff-hg59-8x73.json: value too long for type character varying(64)

Ошибка обработки файла GHSA-98x5-jw98-6c97.json: value too long for type character varying(64)

Ошибка обработки файла GHSA-w8v5-vhqr-4h9v.json: value too long for type character varying(64)

Ошибка обработки файла GHSA-3p6v-hrg8-8qj7.json: value too long for type character varying(64)

Ошибка обработки файла GHSA-528q-4pgm-wvg2.json: value too long for type character varying(64)

Ошибка обработки файла GHSA-r8c2-2qwq-94p6.json: value too long for type character varying(64)

Ошибка обработки файла GHSA-hcc4-c3v8-rx92.json: value too long for type character varying(64)

Ошибка обработки файла GHSA-vp8w-wj4m-3r7j.json: value too long for type character varying(64)

Ошибка обработки файла GHSA-rrr2-jcr8-7q3x.json: value too long for type character varying(64)

Ошибка обработки файла GHSA-x46r-mf5g-xpr6.json: value too long for type character varying(64)

Ошибка обработки файла GHSA-9p23-p2m4-2r4m.json: value too long for type character varying(64)

Ошибка обработки файла GHSA-w87r-vg9q-crqm.json: value too long for type character varying(64)

Ошибка обработки файла GHSA-5r3p-6rj5-7937.json: value too long for type character varying(64)

Ошибка обработки файла GHSA-ccc3-fvfx-mw3v.json: value too long for type character varying(64)

Ошибка обработки файла GHSA-gxhx-2686-5h9g.json: value too long for type character varying(64)

Ошибка обработки файла GHSA-6c59-mwgh-r2x6.json: value too long for type character varying(64)

Ошибка обработки файла GHSA-vp96-hxj8-p424.json: value too long for type character varying(64)

Ошибка обработки файла GHSA-2vhw-q7vh-7xv2.json: value too long for type character varying(64)

Ошибка обработки файла GHSA-9g9j-rggx-7fmg.json: value too long for type character varying(64)

Ошибка обработки файла GHSA-4p64-v8f5-r2gx.json: value too long for type character varying(64)

Ошибка обработки файла GHSA-4f9r-x588-pp2h.json: value too long for type character varying(64)

Ошибка обработки файла GHSA-rrgf-hcr9-jq6h.json: value too long for type character varying(64)

Ошибка обработки файла GHSA-jj3x-wxrx-4x23.json: value too long for type character varying(64)

Ошибка обработки файла GHSA-fpg4-jhqr-589c.json: value too long for type character varying(64)

Ошибка обработки файла GHSA-7mw3-79jq-xc7f.json: value too long for type character varying(64)

Ошибка обработки файла GHSA-2vrm-gr82-f7m5.json: value too long for type character varying(64)

Ошибка обработки файла GHSA-r3xh-3r3w-47gp.json: value too long for type character varying(64)

Ошибка обработки файла GHSA-fj52-5g4h-gmq8.json: value too long for type character varying(64)

Ошибка обработки файла GHSA-22c2-9gwg-mj59.json: value too long for type character varying(64)

Ошибка обработки файла GHSA-cq8c-xv66-36gw.json: value too long for type character varying(64)

Ошибка обработки файла GHSA-77wq-646f-jrm2.json: value too long for type character varying(64)

Ошибка обработки файла GHSA-6fxp-p9mg-q64w.json: value too long for type character varying(64)

Ошибка обработки файла GHSA-fw7p-63qq-7hpr.json: value too long for type character varying(64)

Ошибка обработки файла GHSA-m2w3-8f23-hxxf.json: value too long for type character varying(64)

Ошибка обработки файла GHSA-qmjj-p7m9-wjrv.json: value too long for type character varying(64)

Ошибка обработки файла GHSA-mqqc-3gqh-h2x8.json: value too long for type character varying(64)

Ошибка обработки файла GHSA-9q5r-wfvf-rr7f.json: value too long for type character varying(64)

Ошибка обработки файла GHSA-v895-833r-8c45.json: value too long for type character varying(64)

Ошибка обработки файла GHSA-9m3x-qqw2-h32h.json: value too long for type character varying(64)

Ошибка обработки файла GHSA-9j4f-f249-q5w8.json: value too long for type character varying(64)

Ошибка обработки файла GHSA-73h3-mf4w-8647.json: value too long for type character varying(64)

Ошибка обработки файла GHSA-gcqf-pxgg-gw8q.json: value too long for type character varying(64)

Ошибка обработки файла GHSA-9726-w42j-3qjr.json: value too long for type character varying(64)

Ошибка обработки файла GHSA-62vx-hpcr-m9ch.json: value too long for type character varying(64)

Ошибка обработки файла GHSA-425g-fjhq-5h92.json: value too long for type character varying(64)

Ошибка обработки файла GHSA-5pwr-322w-8jr4.json: value too long for type character varying(64)

Ошибка обработки файла GHSA-pw95-88fg-3j6f.json: value too long for type character varying(64)

Ошибка обработки файла GHSA-j3w7-9qc3-g96p.json: value too long for type character varying(64)

Ошибка обработки файла GHSA-q4w9-x3rv-4c8j.json: value too long for type character varying(64)

Ошибка обработки файла GHSA-4vr7-g93g-cf6m.json: value too long for type character varying(64)

Ошибка обработки файла GHSA-wx3r-v6h7-frjp.json: value too long for type character varying(64)

Ошибка обработки файла GHSA-7wc2-qxgw-g8gg.json: value too long for type character varying(64)

Ошибка обработки файла GHSA-frh7-2f84-v9mw.json: value too long for type character varying(64)

Ошибка обработки файла GHSA-fccg-7w3p-w66f.json: value too long for type character varying(64)

Ошибка обработки файла GHSA-9gvj-pp9x-gcfr.json: value too long for type character varying(64)

Ошибка обработки файла GHSA-wq2g-r956-j8cc.json: value too long for type character varying(64)

Ошибка обработки файла GHSA-p9x3-w98f-7j3q.json: value too long for type character varying(64)

Ошибка обработки файла GHSA-fmhh-rw3h-785m.json: value too long for type character varying(64)

Ошибка обработки файла GHSA-3hmw-8mw3-rmpj.json: value too long for type character varying(64)

Ошибка обработки файла GHSA-hx2h-vjw2-8r54.json: value too long for type character varying(64)

Ошибка обработки файла GHSA-4vgf-2cm4-mp7c.json: value too long for type character varying(64)

Ошибка обработки файла GHSA-v2ch-c8v8-fgr7.json: value too long for type character varying(64)

Ошибка обработки файла GHSA-jqwg-75qf-vmf9.json: value too long for type character varying(64)

Ошибка обработки файла GHSA-m7j5-r2p5-c39r.json: value too long for type character varying(64)

Ошибка обработки файла GHSA-xw6r-chmh-vpmj.json: value too long for type character varying(64)

Ошибка обработки файла GHSA-r7v6-mfhq-g3m2.json: value too long for type character varying(64)

Ошибка обработки файла GHSA-2g4f-4pwh-qvx6.json: value too long for type character varying(64)

Ошибка обработки файла GHSA-8h88-gxp3-j7pg.json: value too long for type character varying(64)

Ошибка обработки файла GHSA-mq8m-42gh-wq7r.json: value too long for type character varying(64)

Ошибка обработки файла GHSA-r277-3xc5-c79v.json: value too long for type character varying(64)

Ошибка обработки файла GHSA-9r9m-ffp6-9x4v.json: value too long for type character varying(64)

Ошибка обработки файла GHSA-6f65-4fv2-wwch.json: value too long for type character varying(64)

Ошибка обработки файла GHSA-97vp-pwqj-46qc.json: value too long for type character varying(64)

Ошибка обработки файла GHSA-q5c6-h22r-qpwr.json: value too long for type character varying(64)

Ошибка обработки файла GHSA-3hj6-r5c9-q8f3.json: value too long for type character varying(64)

Ошибка обработки файла GO-2023-2156.json: value too long for type character varying(64)

Ошибка обработки файла GHSA-gc9r-867r-j85f.json: value too long for type character varying(64)

Ошибка обработки файла GHSA-wccx-j62j-r448.json: value too long for type character varying(64)

Ошибка обработки файла GHSA-3mpm-jx38-9m8w.json: value too long for type character varying(64)

Ошибка обработки файла GHSA-3vcg-j39x-cwfm.json: value too long for type character varying(64)

Ошибка обработки файла GHSA-46j8-vpx8-6p72.json: value too long for type character varying(64)

Ошибка обработки файла GHSA-622h-h2p8-743x.json: value too long for type character varying(64)

Ошибка обработки файла GHSA-879p-475x-rqh2.json: value too long for type character varying(64)

Ошибка обработки файла GHSA-qppm-g56g-fpvp.json: value too long for type character varying(64)

Ошибка обработки файла GHSA-6r2x-8pq8-9489.json: value too long for type character varying(64)

Ошибка обработки файла GHSA-qp4c-xg64-7c6x.json: value too long for type character varying(64)

[2026-05-18 12:21:33] Найдены новые файлы. Запуск парсера...
Ошибка обработки файла GO-2023-2113.json: value too long for type character varying(64)

Ошибка обработки файла GHSA-w8rr-5gcm-pp58.json: value too long for type character varying(64)

Ошибка обработки файла GHSA-w6rp-vxj2-fjhr.json: value too long for type character varying(64)

Ошибка обработки файла GHSA-rfxf-mf63-cpqv.json: value too long for type character varying(64)

Ошибка обработки файла GO-2023-2331.json: value too long for type character varying(64)

Ошибка обработки файла GHSA-5r5m-65gx-7vrh.json: value too long for type character varying(64)

Ошибка обработки файла GHSA-pjv4-3c63-699f.json: value too long for type character varying(64)

Ошибка обработки файла GO-2025-3463.json: value too long for type character varying(64)

Ошибка обработки файла GO-2024-3066.json: value too long for type character varying(64)

Ошибка обработки файла GO-2024-2750.json: value too long for type character varying(64)

Ошибка обработки файла GHSA-6fgm-x6ff-w78f.json: value too long for type character varying(64)

Ошибка обработки файла GHSA-2v35-wj4r-rcmv.json: value too long for type character varying(64)

Ошибка обработки файла GHSA-8pgv-569h-w5rw.json: value too long for type character varying(64)

Ошибка обработки файла GHSA-5v8v-66v8-mwm7.json: value too long for type character varying(64)

Ошибка обработки файла GHSA-rcjv-mgp8-qvmr.json: value too long for type character varying(64)

Ошибка обработки файла GO-2024-3102.json: value too long for type character varying(64)

Ошибка обработки файла GHSA-prf6-xjxh-p698.json: value too long for type character varying(64)

Ошибка обработки файла GHSA-9j4f-f249-q5w8.json: value too long for type character varying(64)

Ошибка обработки файла GO-2023-2156.json: value too long for type character varying(64)

Успешно обработано и удалено файлов: 424
[2026-05-18 12:22:04] Найдены новые файлы. Запуск парсера...
Ошибка обработки файла GO-2023-2113.json: value too long for type character varying(64)

Ошибка обработки файла GHSA-w8rr-5gcm-pp58.json: value too long for type character varying(64)

Ошибка обработки файла GHSA-w6rp-vxj2-fjhr.json: value too long for type character varying(64)

Ошибка обработки файла GHSA-rfxf-mf63-cpqv.json: value too long for type character varying(64)

Ошибка обработки файла GO-2023-2331.json: value too long for type character varying(64)

Ошибка обработки файла GHSA-5r5m-65gx-7vrh.json: value too long for type character varying(64)

Ошибка обработки файла GHSA-pjv4-3c63-699f.json: value too long for type character varying(64)

Ошибка обработки файла GO-2025-3463.json: value too long for type character varying(64)

Ошибка обработки файла GO-2024-3066.json: value too long for type character varying(64)

Ошибка обработки файла GO-2024-2750.json: value too long for type character varying(64)

Ошибка обработки файла GHSA-6fgm-x6ff-w78f.json: value too long for type character varying(64)

Ошибка обработки файла GHSA-2v35-wj4r-rcmv.json: value too long for type character varying(64)

Ошибка обработки файла GHSA-8pgv-569h-w5rw.json: value too long for type character varying(64)

Ошибка обработки файла GHSA-5v8v-66v8-mwm7.json: value too long for type character varying(64)

Ошибка обработки файла GHSA-rcjv-mgp8-qvmr.json: value too long for type character varying(64)

Ошибка обработки файла GO-2024-3102.json: value too long for type character varying(64)

Ошибка обработки файла GHSA-prf6-xjxh-p698.json: value too long for type character varying(64)

Ошибка обработки файла GHSA-9j4f-f249-q5w8.json: value too long for type character varying(64)

Ошибка обработки файла GO-2023-2156.json: value too long for type character varying(64)

[2026-05-18 12:22:34] Найдены новые файлы. Запуск парсера...
Ошибка обработки файла GO-2023-2113.json: value too long for type character varying(64)

Ошибка обработки файла GHSA-w8rr-5gcm-pp58.json: value too long for type character varying(64)

Ошибка обработки файла GHSA-w6rp-vxj2-fjhr.json: value too long for type character varying(64)

Ошибка обработки файла GHSA-rfxf-mf63-cpqv.json: value too long for type character varying(64)

Ошибка обработки файла GO-2023-2331.json: value too long for type character varying(64)

Ошибка обработки файла GHSA-5r5m-65gx-7vrh.json: value too long for type character varying(64)

Ошибка обработки файла GHSA-pjv4-3c63-699f.json: value too long for type character varying(64)

Ошибка обработки файла GO-2025-3463.json: value too long for type character varying(64)

Ошибка обработки файла GO-2024-3066.json: value too long for type character varying(64)

Ошибка обработки файла GO-2024-2750.json: value too long for type character varying(64)

Ошибка обработки файла GHSA-6fgm-x6ff-w78f.json: value too long for type character varying(64)

Ошибка обработки файла GHSA-2v35-wj4r-rcmv.json: value too long for type character varying(64)

Ошибка обработки файла GHSA-8pgv-569h-w5rw.json: value too long for type character varying(64)

Ошибка обработки файла GHSA-5v8v-66v8-mwm7.json: value too long for type character varying(64)

Ошибка обработки файла GHSA-rcjv-mgp8-qvmr.json: value too long for type character varying(64)

Ошибка обработки файла GO-2024-3102.json: value too long for type character varying(64)

Ошибка обработки файла GHSA-prf6-xjxh-p698.json: value too long for type character varying(64)

Ошибка обработки файла GHSA-9j4f-f249-q5w8.json: value too long for type character varying(64)

Ошибка обработки файла GO-2023-2156.json: value too long for type character varying(64)

[2026-05-18 12:23:04] Найдены новые файлы. Запуск парсера...
Ошибка обработки файла GO-2023-2113.json: value too long for type character varying(64)

Ошибка обработки файла GHSA-w8rr-5gcm-pp58.json: value too long for type character varying(64)

Ошибка обработки файла GHSA-w6rp-vxj2-fjhr.json: value too long for type character varying(64)

Ошибка обработки файла GHSA-rfxf-mf63-cpqv.json: value too long for type character varying(64)

Ошибка обработки файла GO-2023-2331.json: value too long for type character varying(64)

Ошибка обработки файла GHSA-5r5m-65gx-7vrh.json: value too long for type character varying(64)

Ошибка обработки файла GHSA-pjv4-3c63-699f.json: value too long for type character varying(64)

Ошибка обработки файла GO-2025-3463.json: value too long for type character varying(64)

Ошибка обработки файла GO-2024-3066.json: value too long for type character varying(64)

Ошибка обработки файла GO-2024-2750.json: value too long for type character varying(64)

Ошибка обработки файла GHSA-6fgm-x6ff-w78f.json: value too long for type character varying(64)

Ошибка обработки файла GHSA-2v35-wj4r-rcmv.json: value too long for type character varying(64)

Ошибка обработки файла GHSA-8pgv-569h-w5rw.json: value too long for type character varying(64)

Ошибка обработки файла GHSA-5v8v-66v8-mwm7.json: value too long for type character varying(64)

Ошибка обработки файла GHSA-rcjv-mgp8-qvmr.json: value too long for type character varying(64)

Ошибка обработки файла GO-2024-3102.json: value too long for type character varying(64)

Ошибка обработки файла GHSA-prf6-xjxh-p698.json: value too long for type character varying(64)

Ошибка обработки файла GHSA-9j4f-f249-q5w8.json: value too long for type character varying(64)

Ошибка обработки файла GO-2023-2156.json: value too long for type character varying(64)

[2026-05-18 12:23:34] Найдены новые файлы. Запуск парсера...
Ошибка обработки файла GO-2023-2113.json: value too long for type character varying(64)

Ошибка обработки файла GHSA-w8rr-5gcm-pp58.json: value too long for type character varying(64)

Ошибка обработки файла GHSA-w6rp-vxj2-fjhr.json: value too long for type character varying(64)

Ошибка обработки файла GHSA-rfxf-mf63-cpqv.json: value too long for type character varying(64)

Ошибка обработки файла GO-2023-2331.json: value too long for type character varying(64)

Ошибка обработки файла GHSA-5r5m-65gx-7vrh.json: value too long for type character varying(64)

Ошибка обработки файла GHSA-pjv4-3c63-699f.json: value too long for type character varying(64)

Ошибка обработки файла GO-2025-3463.json: value too long for type character varying(64)

Ошибка обработки файла GO-2024-3066.json: value too long for type character varying(64)

Ошибка обработки файла GO-2024-2750.json: value too long for type character varying(64)

Ошибка обработки файла GHSA-6fgm-x6ff-w78f.json: value too long for type character varying(64)

Ошибка обработки файла GHSA-2v35-wj4r-rcmv.json: value too long for type character varying(64)

Ошибка обработки файла GHSA-8pgv-569h-w5rw.json: value too long for type character varying(64)

Ошибка обработки файла GHSA-5v8v-66v8-mwm7.json: value too long for type character varying(64)

Ошибка обработки файла GHSA-rcjv-mgp8-qvmr.json: value too long for type character varying(64)

Ошибка обработки файла GO-2024-3102.json: value too long for type character varying(64)

Ошибка обработки файла GHSA-prf6-xjxh-p698.json: value too long for type character varying(64)

Ошибка обработки файла GHSA-9j4f-f249-q5w8.json: value too long for type character varying(64)

Ошибка обработки файла GO-2023-2156.json: value too long for type character varying(64)

[2026-05-18 12:24:04] Найдены новые файлы. Запуск парсера...
Ошибка обработки файла GO-2023-2113.json: value too long for type character varying(64)

Ошибка обработки файла GHSA-w8rr-5gcm-pp58.json: value too long for type character varying(64)

Ошибка обработки файла GHSA-w6rp-vxj2-fjhr.json: value too long for type character varying(64)

Ошибка обработки файла GHSA-rfxf-mf63-cpqv.json: value too long for type character varying(64)

Ошибка обработки файла GO-2023-2331.json: value too long for type character varying(64)

Ошибка обработки файла GHSA-5r5m-65gx-7vrh.json: value too long for type character varying(64)

Ошибка обработки файла GHSA-pjv4-3c63-699f.json: value too long for type character varying(64)

Ошибка обработки файла GO-2025-3463.json: value too long for type character varying(64)

Ошибка обработки файла GO-2024-3066.json: value too long for type character varying(64)

Ошибка обработки файла GO-2024-2750.json: value too long for type character varying(64)

Ошибка обработки файла GHSA-6fgm-x6ff-w78f.json: value too long for type character varying(64)

Ошибка обработки файла GHSA-2v35-wj4r-rcmv.json: value too long for type character varying(64)

Ошибка обработки файла GHSA-8pgv-569h-w5rw.json: value too long for type character varying(64)

Ошибка обработки файла GHSA-5v8v-66v8-mwm7.json: value too long for type character varying(64)

Ошибка обработки файла GHSA-rcjv-mgp8-qvmr.json: value too long for type character varying(64)

Ошибка обработки файла GO-2024-3102.json: value too long for type character varying(64)

Ошибка обработки файла GHSA-prf6-xjxh-p698.json: value too long for type character varying(64)

Ошибка обработки файла GHSA-9j4f-f249-q5w8.json: value too long for type character varying(64)

Ошибка обработки файла GO-2023-2156.json: value too long for type character varying(64)

[2026-05-18 12:24:34] Найдены новые файлы. Запуск парсера...
Успешно обработано и удалено файлов: 19
[2026-05-18 12:37:05] Найдены новые файлы. Запуск парсера...
[MAL SKIP] Файл MAL-2025-2552.json пропущен (Malware).
[MAL SKIP] Файл MAL-2025-191470.json пропущен (Malware).
Успешно обработано и удалено файлов: 6576
